scope,file_name,column_name,unique_count,constant_value,min_value,max_value,variance,is_constant,is_globally_constant,read_status,error
global,ALL_FILES,Protocol,,,,,,False,False,ok,
global,ALL_FILES,Flow Duration,,,,,,False,False,ok,
global,ALL_FILES,Total Fwd Packets,,,,,,False,False,ok,
global,ALL_FILES,Total Backward Packets,,,,,,False,False,ok,
global,ALL_FILES,Fwd Packets Length Total,,,,,,False,False,ok,
global,ALL_FILES,Bwd Packets Length Total,,,,,,False,False,ok,
global,ALL_FILES,Fwd Packet Length Max,,,,,,False,False,ok,
global,ALL_FILES,Fwd Packet Length Min,,,,,,False,False,ok,
global,ALL_FILES,Fwd Packet Length Mean,,,,,,False,False,ok,
global,ALL_FILES,Fwd Packet Length Std,,,,,,False,False,ok,
global,ALL_FILES,Bwd Packet Length Max,,,,,,False,False,ok,
global,ALL_FILES,Bwd Packet Length Min,,,,,,False,False,ok,
global,ALL_FILES,Bwd Packet Length Mean,,,,,,False,False,ok,
global,ALL_FILES,Bwd Packet Length Std,,,,,,False,False,ok,
global,ALL_FILES,Flow Bytes/s,,,,,,False,False,ok,
global,ALL_FILES,Flow Packets/s,,,,,,False,False,ok,
global,ALL_FILES,Flow IAT Mean,,,,,,False,False,ok,
global,ALL_FILES,Flow IAT Std,,,,,,False,False,ok,
global,ALL_FILES,Flow IAT Max,,,,,,False,False,ok,
global,ALL_FILES,Flow IAT Min,,,,,,False,False,ok,
global,ALL_FILES,Fwd IAT Total,,,,,,False,False,ok,
global,ALL_FILES,Fwd IAT Mean,,,,,,False,False,ok,
global,ALL_FILES,Fwd IAT Std,,,,,,False,False,ok,
global,ALL_FILES,Fwd IAT Max,,,,,,False,False,ok,
global,ALL_FILES,Fwd IAT Min,,,,,,False,False,ok,
global,ALL_FILES,Bwd IAT Total,,,,,,False,False,ok,
global,ALL_FILES,Bwd IAT Mean,,,,,,False,False,ok,
global,ALL_FILES,Bwd IAT Std,,,,,,False,False,ok,
global,ALL_FILES,Bwd IAT Max,,,,,,False,False,ok,
global,ALL_FILES,Bwd IAT Min,,,,,,False,False,ok,
global,ALL_FILES,Fwd PSH Flags,,,,,,False,False,ok,
global,ALL_FILES,Bwd PSH Flags,1,0.0,0.0,0.0,0.0,True,True,ok,
global,ALL_FILES,Fwd URG Flags,1,0.0,0.0,0.0,0.0,True,True,ok,
global,ALL_FILES,Bwd URG Flags,1,0.0,0.0,0.0,0.0,True,True,ok,
global,ALL_FILES,Fwd Header Length,,,,,,False,False,ok,
global,ALL_FILES,Bwd Header Length,,,,,,False,False,ok,
global,ALL_FILES,Fwd Packets/s,,,,,,False,False,ok,
global,ALL_FILES,Bwd Packets/s,,,,,,False,False,ok,
global,ALL_FILES,Packet Length Min,,,,,,False,False,ok,
global,ALL_FILES,Packet Length Max,,,,,,False,False,ok,
global,ALL_FILES,Packet Length Mean,,,,,,False,False,ok,
global,ALL_FILES,Packet Length Std,,,,,,False,False,ok,
global,ALL_FILES,Packet Length Variance,,,,,,False,False,ok,
global,ALL_FILES,FIN Flag Count,1,0.0,0.0,0.0,0.0,True,True,ok,
global,ALL_FILES,SYN Flag Count,,,,,,False,False,ok,
global,ALL_FILES,RST Flag Count,,,,,,False,False,ok,
global,ALL_FILES,PSH Flag Count,1,0.0,0.0,0.0,0.0,True,True,ok,
global,ALL_FILES,ACK Flag Count,,,,,,False,False,ok,
global,ALL_FILES,URG Flag Count,,,,,,False,False,ok,
global,ALL_FILES,CWE Flag Count,,,,,,False,False,ok,
global,ALL_FILES,ECE Flag Count,1,0.0,0.0,0.0,0.0,True,True,ok,
global,ALL_FILES,Down/Up Ratio,,,,,,False,False,ok,
global,ALL_FILES,Avg Packet Size,,,,,,False,False,ok,
global,ALL_FILES,Avg Fwd Segment Size,,,,,,False,False,ok,
global,ALL_FILES,Avg Bwd Segment Size,,,,,,False,False,ok,
global,ALL_FILES,Fwd Avg Bytes/Bulk,1,0.0,0.0,0.0,0.0,True,True,ok,
global,ALL_FILES,Fwd Avg Packets/Bulk,1,0.0,0.0,0.0,0.0,True,True,ok,
global,ALL_FILES,Fwd Avg Bulk Rate,1,0.0,0.0,0.0,0.0,True,True,ok,
global,ALL_FILES,Bwd Avg Bytes/Bulk,1,0.0,0.0,0.0,0.0,True,True,ok,
global,ALL_FILES,Bwd Avg Packets/Bulk,1,0.0,0.0,0.0,0.0,True,True,ok,
global,ALL_FILES,Bwd Avg Bulk Rate,1,0.0,0.0,0.0,0.0,True,True,ok,
global,ALL_FILES,Subflow Fwd Packets,,,,,,False,False,ok,
global,ALL_FILES,Subflow Fwd Bytes,,,,,,False,False,ok,
global,ALL_FILES,Subflow Bwd Packets,,,,,,False,False,ok,
global,ALL_FILES,Subflow Bwd Bytes,,,,,,False,False,ok,
global,ALL_FILES,Init Fwd Win Bytes,,,,,,False,False,ok,
global,ALL_FILES,Init Bwd Win Bytes,,,,,,False,False,ok,
global,ALL_FILES,Fwd Act Data Packets,,,,,,False,False,ok,
global,ALL_FILES,Fwd Seg Size Min,,,,,,False,False,ok,
global,ALL_FILES,Active Mean,,,,,,False,False,ok,
global,ALL_FILES,Active Std,,,,,,False,False,ok,
global,ALL_FILES,Active Max,,,,,,False,False,ok,
global,ALL_FILES,Active Min,,,,,,False,False,ok,
global,ALL_FILES,Idle Mean,,,,,,False,False,ok,
global,ALL_FILES,Idle Std,,,,,,False,False,ok,
global,ALL_FILES,Idle Max,,,,,,False,False,ok,
global,ALL_FILES,Idle Min,,,,,,False,False,ok,
file,DNS-testing.parquet,Protocol,3,,0.0,17.0,25.862513615283,False,False,ok,
file,DNS-testing.parquet,Flow Duration,2263,,1.0,119981035.0,395407608911740.2,False,False,ok,
file,DNS-testing.parquet,Total Fwd Packets,88,,1.0,5063.0,8218.59855977968,False,False,ok,
file,DNS-testing.parquet,Total Backward Packets,90,,0.0,4602.0,6491.353896350671,False,False,ok,
file,DNS-testing.parquet,Fwd Packets Length Total,865,,0.0,15266416.0,51395874816.0,False,False,ok,
file,DNS-testing.parquet,Bwd Packets Length Total,378,,0.0,10993758.0,35368124416.0,False,False,ok,
file,DNS-testing.parquet,Fwd Packet Length Max,737,,0.0,32120.0,641136.4375,False,False,ok,
file,DNS-testing.parquet,Fwd Packet Length Min,590,,0.0,2020.0,397288.46875,False,False,ok,
file,DNS-testing.parquet,Fwd Packet Length Mean,948,,0.0,3015.29052734375,389065.15625,False,False,ok,
file,DNS-testing.parquet,Fwd Packet Length Std,385,,0.0,2221.55615234375,8333.5302734375,False,False,ok,
file,DNS-testing.parquet,Bwd Packet Length Max,199,,0.0,33580.0,609239.0,False,False,ok,
file,DNS-testing.parquet,Bwd Packet Length Min,118,,0.0,378.0,1650.054321289062,False,False,ok,
file,DNS-testing.parquet,Bwd Packet Length Mean,420,,0.0,3269.7666015625,23577.314453125,False,False,ok,
file,DNS-testing.parquet,Bwd Packet Length Std,317,,0.0,2848.74267578125,26893.1875,False,False,ok,
file,DNS-testing.parquet,Flow Bytes/s,3381,,0.0,2944000000.0,8.8582265702508e+17,False,False,ok,
file,DNS-testing.parquet,Flow Packets/s,2365,,0.0784254296442399,3000000.0,698186130281.4567,False,False,ok,
file,DNS-testing.parquet,Flow IAT Mean,2317,,0.5,15301159.0,787035717632.0,False,False,ok,
file,DNS-testing.parquet,Flow IAT Std,2310,,0.0,32054022.0,5841163386880.0,False,False,ok,
file,DNS-testing.parquet,Flow IAT Max,2241,,1.0,119938432.0,87793132896256.0,False,False,ok,
file,DNS-testing.parquet,Flow IAT Min,301,,0.0,10493465.0,22501179392.0,False,False,ok,
file,DNS-testing.parquet,Fwd IAT Total,1145,,0.0,119981032.0,388389362728960.0,False,False,ok,
file,DNS-testing.parquet,Fwd IAT Mean,1173,,0.0,28077142.0,1721960890368.0,False,False,ok,
file,DNS-testing.parquet,Fwd IAT Std,1035,,0.0,48631032.0,9019112554496.0,False,False,ok,
file,DNS-testing.parquet,Fwd IAT Max,1127,,0.0,119938432.0,86109153394688.0,False,False,ok,
file,DNS-testing.parquet,Fwd IAT Min,188,,0.0,10493465.0,22458812416.0,False,False,ok,
file,DNS-testing.parquet,Bwd IAT Total,683,,0.0,119714616.0,275127065378816.0,False,False,ok,
file,DNS-testing.parquet,Bwd IAT Mean,693,,0.0,28077124.0,1695254577152.0,False,False,ok,
file,DNS-testing.parquet,Bwd IAT Std,662,,0.0,48631000.0,7515534786560.0,False,False,ok,
file,DNS-testing.parquet,Bwd IAT Max,674,,0.0,84231368.0,63406887403520.0,False,False,ok,
file,DNS-testing.parquet,Bwd IAT Min,38,,0.0,238.0,39.395233154297,False,False,ok,
file,DNS-testing.parquet,Fwd PSH Flags,2,,0.0,1.0,0.054665804025,False,False,ok,
file,DNS-testing.parquet,Bwd PSH Flags,1,0.0,0.0,0.0,0.0,True,True,ok,
file,DNS-testing.parquet,Fwd URG Flags,1,0.0,0.0,0.0,0.0,True,True,ok,
file,DNS-testing.parquet,Bwd URG Flags,1,0.0,0.0,0.0,0.0,True,True,ok,
file,DNS-testing.parquet,Fwd Header Length,652,,-212543795000.0,101260.0,3.442393856472752e+19,False,False,ok,
file,DNS-testing.parquet,Bwd Header Length,161,,-2125437950.0,147280.0,2694191352268194.5,False,False,ok,
file,DNS-testing.parquet,Fwd Packets/s,2356,,0.0234159417450428,3000000.0,695657496576.0,False,False,ok,
file,DNS-testing.parquet,Bwd Packets/s,1914,,0.0,2000000.0,3083540480.0,False,False,ok,
file,DNS-testing.parquet,Packet Length Min,587,,0.0,1472.0,397137.09375,False,False,ok,
file,DNS-testing.parquet,Packet Length Max,727,,0.0,33580.0,1094228.125,False,False,ok,
file,DNS-testing.parquet,Packet Length Mean,1131,,0.0,2662.26513671875,381975.03125,False,False,ok,
file,DNS-testing.parquet,Packet Length Std,516,,0.0,2866.280517578125,22417.205078125,False,False,ok,
file,DNS-testing.parquet,Packet Length Variance,516,,0.0,8215564.0,31852699648.0,False,False,ok,
file,DNS-testing.parquet,FIN Flag Count,1,0.0,0.0,0.0,0.0,True,True,ok,
file,DNS-testing.parquet,SYN Flag Count,2,,0.0,1.0,0.001043217938,False,False,ok,
file,DNS-testing.parquet,RST Flag Count,2,,0.0,1.0,0.054665804025,False,False,ok,
file,DNS-testing.parquet,PSH Flag Count,1,0.0,0.0,0.0,0.0,True,True,ok,
file,DNS-testing.parquet,ACK Flag Count,2,,0.0,1.0,0.07130681275,False,False,ok,
file,DNS-testing.parquet,URG Flag Count,2,,0.0,1.0,0.158056153267,False,False,ok,
file,DNS-testing.parquet,CWE Flag Count,2,,0.0,1.0,0.081132095335,False,False,ok,
file,DNS-testing.parquet,ECE Flag Count,1,0.0,0.0,0.0,0.0,True,True,ok,
file,DNS-testing.parquet,Down/Up Ratio,9,,0.0,13.0,0.624485909939,False,False,ok,
file,DNS-testing.parquet,Avg Packet Size,1153,,0.0,2663.432861328125,864033.875,False,False,ok,
file,DNS-testing.parquet,Avg Fwd Segment Size,948,,0.0,3015.29052734375,389065.15625,False,False,ok,
file,DNS-testing.parquet,Avg Bwd Segment Size,420,,0.0,3269.7666015625,23577.314453125,False,False,ok,
file,DNS-testing.parquet,Fwd Avg Bytes/Bulk,1,0.0,0.0,0.0,0.0,True,True,ok,
file,DNS-testing.parquet,Fwd Avg Packets/Bulk,1,0.0,0.0,0.0,0.0,True,True,ok,
file,DNS-testing.parquet,Fwd Avg Bulk Rate,1,0.0,0.0,0.0,0.0,True,True,ok,
file,DNS-testing.parquet,Bwd Avg Bytes/Bulk,1,0.0,0.0,0.0,0.0,True,True,ok,
file,DNS-testing.parquet,Bwd Avg Packets/Bulk,1,0.0,0.0,0.0,0.0,True,True,ok,
file,DNS-testing.parquet,Bwd Avg Bulk Rate,1,0.0,0.0,0.0,0.0,True,True,ok,
file,DNS-testing.parquet,Subflow Fwd Packets,88,,1.0,5063.0,8218.59855977968,False,False,ok,
file,DNS-testing.parquet,Subflow Fwd Bytes,865,,0.0,15266416.0,51395878500.09615,False,False,ok,
file,DNS-testing.parquet,Subflow Bwd Packets,90,,0.0,4602.0,6491.353896350671,False,False,ok,
file,DNS-testing.parquet,Subflow Bwd Bytes,378,,0.0,10993758.0,35368122907.17452,False,False,ok,
file,DNS-testing.parquet,Init Fwd Win Bytes,235,,-1.0,65535.0,125513317.26333255,False,False,ok,
file,DNS-testing.parquet,Init Bwd Win Bytes,191,,-1.0,64240.0,57068516.991916865,False,False,ok,
file,DNS-testing.parquet,Fwd Act Data Packets,58,,0.0,5043.0,6662.06471601323,False,False,ok,
file,DNS-testing.parquet,Fwd Seg Size Min,481,,-1408237563.0,1480.0,2.9478326344379092e+16,False,False,ok,
file,DNS-testing.parquet,Active Mean,365,,0.0,9218128.0,144365928448.0,False,False,ok,
file,DNS-testing.parquet,Active Std,247,,0.0,7531216.0,15044834304.0,False,False,ok,
file,DNS-testing.parquet,Active Max,353,,0.0,12801591.0,194137456640.0,False,False,ok,
file,DNS-testing.parquet,Active Min,328,,0.0,6342870.0,123464613888.0,False,False,ok,
file,DNS-testing.parquet,Idle Mean,369,,0.0,84210528.0,71382146744320.0,False,False,ok,
file,DNS-testing.parquet,Idle Std,270,,0.0,66002916.0,1557842624512.0,False,False,ok,
file,DNS-testing.parquet,Idle Max,366,,0.0,103769960.0,77017772982272.0,False,False,ok,
file,DNS-testing.parquet,Idle Min,360,,0.0,84210528.0,67889184899072.0,False,False,ok,
file,LDAP-testing.parquet,Protocol,3,,0.0,17.0,28.502324706244,False,False,ok,
file,LDAP-testing.parquet,Flow Duration,1165,,1.0,9258167.0,567321059590.4019,False,False,ok,
file,LDAP-testing.parquet,Total Fwd Packets,36,,1.0,130.0,33.244830003789,False,False,ok,
file,LDAP-testing.parquet,Total Backward Packets,43,,0.0,181.0,50.522152117876,False,False,ok,
file,LDAP-testing.parquet,Fwd Packets Length Total,197,,0.0,57956.0,4050353.0,False,False,ok,
file,LDAP-testing.parquet,Bwd Packets Length Total,184,,0.0,174634.0,45641780.0,False,False,ok,
file,LDAP-testing.parquet,Fwd Packet Length Max,160,,0.0,2980.0,504840.375,False,False,ok,
file,LDAP-testing.parquet,Fwd Packet Length Min,89,,0.0,1472.0,510677.46875,False,False,ok,
file,LDAP-testing.parquet,Fwd Packet Length Mean,211,,0.0,1895.3333740234375,500031.25,False,False,ok,
file,LDAP-testing.parquet,Fwd Packet Length Std,130,,0.0,1246.803955078125,6789.640625,False,False,ok,
file,LDAP-testing.parquet,Bwd Packet Length Max,129,,0.0,3452.0,249266.328125,False,False,ok,
file,LDAP-testing.parquet,Bwd Packet Length Min,87,,0.0,323.0,1545.89013671875,False,False,ok,
file,LDAP-testing.parquet,Bwd Packet Length Mean,203,,0.0,1997.894775390625,21064.326171875,False,False,ok,
file,LDAP-testing.parquet,Bwd Packet Length Std,120,,0.0,1256.879638671875,24553.59375,False,False,ok,
file,LDAP-testing.parquet,Flow Bytes/s,1319,,0.0,2944000000.0,1.2471307845979692e+18,False,False,ok,
file,LDAP-testing.parquet,Flow Packets/s,1201,,0.3432401007409695,3000000.0,675529837509.8566,False,False,ok,
file,LDAP-testing.parquet,Flow IAT Mean,1187,,0.5,5826825.0,55741988864.0,False,False,ok,
file,LDAP-testing.parquet,Flow IAT Std,1173,,0.0,4140373.0,89804464128.0,False,False,ok,
file,LDAP-testing.parquet,Flow IAT Max,1159,,1.0,9258158.0,418092285952.0,False,False,ok,
file,LDAP-testing.parquet,Flow IAT Min,149,,0.0,5826825.0,28636305408.0,False,False,ok,
file,LDAP-testing.parquet,Fwd IAT Total,493,,0.0,9258167.0,487658749952.0,False,False,ok,
file,LDAP-testing.parquet,Fwd IAT Mean,512,,0.0,5826825.0,70518718464.0,False,False,ok,
file,LDAP-testing.parquet,Fwd IAT Std,402,,0.0,4157323.25,108461211648.0,False,False,ok,
file,LDAP-testing.parquet,Fwd IAT Max,483,,0.0,9258158.0,381862871040.0,False,False,ok,
file,LDAP-testing.parquet,Fwd IAT Min,131,,0.0,5826825.0,28614647808.0,False,False,ok,
file,LDAP-testing.parquet,Bwd IAT Total,239,,0.0,6300430.0,111149391872.0,False,False,ok,
file,LDAP-testing.parquet,Bwd IAT Mean,243,,0.0,2467052.5,4790368768.0,False,False,ok,
file,LDAP-testing.parquet,Bwd IAT Std,214,,0.0,3488936.25,12385831936.0,False,False,ok,
file,LDAP-testing.parquet,Bwd IAT Max,237,,0.0,4982554.0,60246568960.0,False,False,ok,
file,LDAP-testing.parquet,Bwd IAT Min,35,,0.0,249.0,158.625274658203,False,False,ok,
file,LDAP-testing.parquet,Fwd PSH Flags,2,,0.0,1.0,0.062915485951,False,False,ok,
file,LDAP-testing.parquet,Bwd PSH Flags,1,0.0,0.0,0.0,0.0,True,True,ok,
file,LDAP-testing.parquet,Fwd URG Flags,1,0.0,0.0,0.0,0.0,True,True,ok,
file,LDAP-testing.parquet,Bwd URG Flags,1,0.0,0.0,0.0,0.0,True,True,ok,
file,LDAP-testing.parquet,Fwd Header Length,472,,-8501751800.0,5888.0,1.4092010356519669e+17,False,False,ok,
file,LDAP-testing.parquet,Bwd Header Length,76,,-2125437950.0,3644.0,1.4315834383711558e+16,False,False,ok,
file,LDAP-testing.parquet,Fwd Packets/s,1198,,0.3153896629810333,3000000.0,675445080064.0,False,False,ok,
file,LDAP-testing.parquet,Bwd Packets/s,973,,0.0,1000000.0,866646976.0,False,False,ok,
file,LDAP-testing.parquet,Packet Length Min,86,,0.0,1472.0,511013.8125,False,False,ok,
file,LDAP-testing.parquet,Packet Length Max,200,,0.0,3452.0,608849.75,False,False,ok,
file,LDAP-testing.parquet,Packet Length Mean,324,,0.0,1650.434814453125,487157.5,False,False,ok,
file,LDAP-testing.parquet,Packet Length Std,216,,0.0,1255.9796142578125,18772.783203125,False,False,ok,
file,LDAP-testing.parquet,Packet Length Variance,216,,0.0,1577484.875,13096430592.0,False,False,ok,
file,LDAP-testing.parquet,FIN Flag Count,1,0.0,0.0,0.0,0.0,True,True,ok,
file,LDAP-testing.parquet,SYN Flag Count,2,,0.0,1.0,0.002114900617,False,False,ok,
file,LDAP-testing.parquet,RST Flag Count,2,,0.0,1.0,0.062915485951,False,False,ok,
file,LDAP-testing.parquet,PSH Flag Count,1,0.0,0.0,0.0,0.0,True,True,ok,
file,LDAP-testing.parquet,ACK Flag Count,2,,0.0,1.0,0.069877564099,False,False,ok,
file,LDAP-testing.parquet,URG Flag Count,2,,0.0,1.0,0.194239958995,False,False,ok,
file,LDAP-testing.parquet,CWE Flag Count,2,,0.0,1.0,0.047006941491,False,False,ok,
file,LDAP-testing.parquet,ECE Flag Count,1,0.0,0.0,0.0,0.0,True,True,ok,
file,LDAP-testing.parquet,Down/Up Ratio,8,,0.0,10.0,0.409400075674,False,False,ok,
file,LDAP-testing.parquet,Avg Packet Size,322,,0.0,2208.0,1102310.5,False,False,ok,
file,LDAP-testing.parquet,Avg Fwd Segment Size,211,,0.0,1895.3333740234375,500031.25,False,False,ok,
file,LDAP-testing.parquet,Avg Bwd Segment Size,203,,0.0,1997.894775390625,21064.326171875,False,False,ok,
file,LDAP-testing.parquet,Fwd Avg Bytes/Bulk,1,0.0,0.0,0.0,0.0,True,True,ok,
file,LDAP-testing.parquet,Fwd Avg Packets/Bulk,1,0.0,0.0,0.0,0.0,True,True,ok,
file,LDAP-testing.parquet,Fwd Avg Bulk Rate,1,0.0,0.0,0.0,0.0,True,True,ok,
file,LDAP-testing.parquet,Bwd Avg Bytes/Bulk,1,0.0,0.0,0.0,0.0,True,True,ok,
file,LDAP-testing.parquet,Bwd Avg Packets/Bulk,1,0.0,0.0,0.0,0.0,True,True,ok,
file,LDAP-testing.parquet,Bwd Avg Bulk Rate,1,0.0,0.0,0.0,0.0,True,True,ok,
file,LDAP-testing.parquet,Subflow Fwd Packets,36,,1.0,130.0,33.244830003789,False,False,ok,
file,LDAP-testing.parquet,Subflow Fwd Bytes,197,,0.0,57956.0,4050352.766882678,False,False,ok,
file,LDAP-testing.parquet,Subflow Bwd Packets,43,,0.0,181.0,50.522152117876,False,False,ok,
file,LDAP-testing.parquet,Subflow Bwd Bytes,184,,0.0,174634.0,45641783.25677726,False,False,ok,
file,LDAP-testing.parquet,Init Fwd Win Bytes,119,,-1.0,65535.0,133286306.69496906,False,False,ok,
file,LDAP-testing.parquet,Init Bwd Win Bytes,87,,-1.0,63919.0,41768264.09239434,False,False,ok,
file,LDAP-testing.parquet,Fwd Act Data Packets,25,,0.0,96.0,8.578084314287,False,False,ok,
file,LDAP-testing.parquet,Fwd Seg Size Min,422,,-1408237563.0,1480.0,3.0176669542701468e+16,False,False,ok,
file,LDAP-testing.parquet,Active Mean,4,,0.0,20468.0,147930.421875,False,False,ok,
file,LDAP-testing.parquet,Active Std,1,0.0,0.0,0.0,0.0,True,False,ok,
file,LDAP-testing.parquet,Active Max,4,,0.0,20468.0,147930.421875,False,False,ok,
file,LDAP-testing.parquet,Active Min,4,,0.0,20468.0,147930.421875,False,False,ok,
file,LDAP-testing.parquet,Idle Mean,6,,0.0,9258158.0,77113024512.0,False,False,ok,
file,LDAP-testing.parquet,Idle Std,1,0.0,0.0,0.0,0.0,True,False,ok,
file,LDAP-testing.parquet,Idle Max,6,,0.0,9258158.0,77113024512.0,False,False,ok,
file,LDAP-testing.parquet,Idle Min,6,,0.0,9258158.0,77113024512.0,False,False,ok,
file,LDAP-training.parquet,Protocol,3,,0.0,17.0,30.791539906046,False,False,ok,
file,LDAP-training.parquet,Flow Duration,3456,,1.0,119812220.0,466935352634362.94,False,False,ok,
file,LDAP-training.parquet,Total Fwd Packets,122,,1.0,86666.0,2234794.4502657456,False,False,ok,
file,LDAP-training.parquet,Total Backward Packets,139,,0.0,4632.0,4349.505431622229,False,False,ok,
file,LDAP-training.parquet,Fwd Packets Length Total,778,,0.0,188320.0,26032032.0,False,False,ok,
file,LDAP-training.parquet,Bwd Packets Length Total,723,,0.0,8419196.0,12906565632.0,False,False,ok,
file,LDAP-training.parquet,Fwd Packet Length Max,464,,0.0,3549.0,468755.40625,False,False,ok,
file,LDAP-training.parquet,Fwd Packet Length Min,139,,0.0,2033.0,397334.25,False,False,ok,
file,LDAP-training.parquet,Fwd Packet Length Mean,857,,0.0,2033.0,387250.5,False,False,ok,
file,LDAP-training.parquet,Fwd Packet Length Std,758,,0.0,1448.5830078125,18267.529296875,False,False,ok,
file,LDAP-training.parquet,Bwd Packet Length Max,319,,0.0,3561.0,384879.6875,False,False,ok,
file,LDAP-training.parquet,Bwd Packet Length Min,132,,0.0,1460.0,2168.44140625,False,False,ok,
file,LDAP-training.parquet,Bwd Packet Length Mean,773,,0.0,1817.61572265625,40781.12890625,False,False,ok,
file,LDAP-training.parquet,Bwd Packet Length Std,676,,0.0,1249.7425537109375,35761.08984375,False,False,ok,
file,LDAP-training.parquet,Flow Bytes/s,3439,,0.0,2944000000.0,1.0747556281838612e+18,False,False,ok,
file,LDAP-training.parquet,Flow Packets/s,3598,,0.0543439954259745,3000000.0,671621806487.134,False,False,ok,
file,LDAP-training.parquet,Flow IAT Mean,3557,,0.5,23001622.0,745538060288.0,False,False,ok,
file,LDAP-training.parquet,Flow IAT Std,3513,,0.0,38966764.0,5480016510976.0,False,False,ok,
file,LDAP-training.parquet,Flow IAT Max,3398,,1.0,103111632.0,102391642849280.0,False,False,ok,
file,LDAP-training.parquet,Flow IAT Min,267,,0.0,6870651.0,23692621824.0,False,False,ok,
file,LDAP-training.parquet,Fwd IAT Total,1728,,0.0,119812224.0,463236281401344.0,False,False,ok,
file,LDAP-training.parquet,Fwd IAT Mean,1747,,0.0,23001622.0,1407533973504.0,False,False,ok,
file,LDAP-training.parquet,Fwd IAT Std,1680,,0.0,34174832.0,8128480411648.0,False,False,ok,
file,LDAP-training.parquet,Fwd IAT Max,1662,,0.0,81482272.0,100861443309568.0,False,False,ok,
file,LDAP-training.parquet,Fwd IAT Min,133,,0.0,6870651.0,24751202304.0,False,False,ok,
file,LDAP-training.parquet,Bwd IAT Total,1141,,0.0,119771848.0,364266712465408.0,False,False,ok,
file,LDAP-training.parquet,Bwd IAT Mean,1145,,0.0,34401004.0,1327278981120.0,False,False,ok,
file,LDAP-training.parquet,Bwd IAT Std,1134,,0.0,59584280.0,6816537247744.0,False,False,ok,
file,LDAP-training.parquet,Bwd IAT Max,1127,,0.0,103203008.0,83680911425536.0,False,False,ok,
file,LDAP-training.parquet,Bwd IAT Min,39,,0.0,157.0,201.769287109375,False,False,ok,
file,LDAP-training.parquet,Fwd PSH Flags,2,,0.0,1.0,0.093613025594,False,False,ok,
file,LDAP-training.parquet,Bwd PSH Flags,1,0.0,0.0,0.0,0.0,True,True,ok,
file,LDAP-training.parquet,Fwd URG Flags,1,0.0,0.0,0.0,0.0,True,True,ok,
file,LDAP-training.parquet,Bwd URG Flags,1,0.0,0.0,0.0,0.0,True,True,ok,
file,LDAP-training.parquet,Fwd Header Length,766,,-8501747108.0,52400.0,7.335680641073045e+16,False,False,ok,
file,LDAP-training.parquet,Bwd Header Length,309,,-9564448825.0,93764.0,2.0167167810906268e+16,False,False,ok,
file,LDAP-training.parquet,Fwd Packets/s,3571,,0.03875838220119476,3000000.0,667982364672.0,False,False,ok,
file,LDAP-training.parquet,Bwd Packets/s,3199,,0.0,2000000.0,4453800448.0,False,False,ok,
file,LDAP-training.parquet,Packet Length Min,125,,0.0,1472.0,396574.3125,False,False,ok,
file,LDAP-training.parquet,Packet Length Max,509,,0.0,3561.0,663507.875,False,False,ok,
file,LDAP-training.parquet,Packet Length Mean,1139,,0.0,1472.0,378353.09375,False,False,ok,
file,LDAP-training.parquet,Packet Length Std,976,,0.0,1129.45556640625,34564.91796875,False,False,ok,
file,LDAP-training.parquet,Packet Length Variance,976,,0.0,1275669.875,21034145792.0,False,False,ok,
file,LDAP-training.parquet,FIN Flag Count,1,0.0,0.0,0.0,0.0,True,True,ok,
file,LDAP-training.parquet,SYN Flag Count,2,,0.0,1.0,0.001635440155,False,False,ok,
file,LDAP-training.parquet,RST Flag Count,2,,0.0,1.0,0.093613025594,False,False,ok,
file,LDAP-training.parquet,PSH Flag Count,1,0.0,0.0,0.0,0.0,True,True,ok,
file,LDAP-training.parquet,ACK Flag Count,2,,0.0,1.0,0.106639373847,False,False,ok,
file,LDAP-training.parquet,URG Flag Count,2,,0.0,1.0,0.240148365896,False,False,ok,
file,LDAP-training.parquet,CWE Flag Count,2,,0.0,1.0,0.130787398213,False,False,ok,
file,LDAP-training.parquet,ECE Flag Count,1,0.0,0.0,0.0,0.0,True,True,ok,
file,LDAP-training.parquet,Down/Up Ratio,7,,0.0,8.0,0.707247197628,False,False,ok,
file,LDAP-training.parquet,Avg Packet Size,1159,,0.0,2208.0,848334.75,False,False,ok,
file,LDAP-training.parquet,Avg Fwd Segment Size,857,,0.0,2033.0,387250.5,False,False,ok,
file,LDAP-training.parquet,Avg Bwd Segment Size,773,,0.0,1817.61572265625,40781.12890625,False,False,ok,
file,LDAP-training.parquet,Fwd Avg Bytes/Bulk,1,0.0,0.0,0.0,0.0,True,True,ok,
file,LDAP-training.parquet,Fwd Avg Packets/Bulk,1,0.0,0.0,0.0,0.0,True,True,ok,
file,LDAP-training.parquet,Fwd Avg Bulk Rate,1,0.0,0.0,0.0,0.0,True,True,ok,
file,LDAP-training.parquet,Bwd Avg Bytes/Bulk,1,0.0,0.0,0.0,0.0,True,True,ok,
file,LDAP-training.parquet,Bwd Avg Packets/Bulk,1,0.0,0.0,0.0,0.0,True,True,ok,
file,LDAP-training.parquet,Bwd Avg Bulk Rate,1,0.0,0.0,0.0,0.0,True,True,ok,
file,LDAP-training.parquet,Subflow Fwd Packets,122,,1.0,86666.0,2234794.4502657456,False,False,ok,
file,LDAP-training.parquet,Subflow Fwd Bytes,778,,0.0,188320.0,26032032.929288432,False,False,ok,
file,LDAP-training.parquet,Subflow Bwd Packets,139,,0.0,4632.0,4349.505431622229,False,False,ok,
file,LDAP-training.parquet,Subflow Bwd Bytes,723,,0.0,8419196.0,12906569296.306156,False,False,ok,
file,LDAP-training.parquet,Init Fwd Win Bytes,507,,-1.0,65535.0,108204922.8888285,False,False,ok,
file,LDAP-training.parquet,Init Bwd Win Bytes,402,,-1.0,65535.0,70932405.7212298,False,False,ok,
file,LDAP-training.parquet,Fwd Act Data Packets,91,,0.0,2616.0,1254.513040530613,False,False,ok,
file,LDAP-training.parquet,Fwd Seg Size Min,537,,-1408237563.0,1480.0,1.4732155526642206e+16,False,False,ok,
file,LDAP-training.parquet,Active Mean,599,,0.0,8304362.0,168567111680.0,False,False,ok,
file,LDAP-training.parquet,Active Std,340,,0.0,9090875.0,81446256640.0,False,False,ok,
file,LDAP-training.parquet,Active Max,593,,0.0,25119536.0,495263449088.0,False,False,ok,
file,LDAP-training.parquet,Active Min,570,,0.0,8304362.0,122391887872.0,False,False,ok,
file,LDAP-training.parquet,Idle Mean,615,,0.0,103111632.0,94379154866176.0,False,False,ok,
file,LDAP-training.parquet,Idle Std,347,,0.0,34511324.0,2007664033792.0,False,False,ok,
file,LDAP-training.parquet,Idle Max,608,,0.0,103111632.0,102695495008256.0,False,False,ok,
file,LDAP-training.parquet,Idle Min,610,,0.0,103111632.0,89290566533120.0,False,False,ok,
file,MSSQL-testing.parquet,Protocol,3,,0.0,17.0,15.710162850357,False,False,ok,
file,MSSQL-testing.parquet,Flow Duration,1373,,1.0,119169062.0,93421535028741.36,False,False,ok,
file,MSSQL-testing.parquet,Total Fwd Packets,58,,1.0,536.0,74.312842469205,False,False,ok,
file,MSSQL-testing.parquet,Total Backward Packets,66,,0.0,735.0,119.225638816039,False,False,ok,
file,MSSQL-testing.parquet,Fwd Packets Length Total,580,,0.0,69310.0,2102483.25,False,False,ok,
file,MSSQL-testing.parquet,Bwd Packets Length Total,281,,0.0,1310102.0,247164144.0,False,False,ok,
file,MSSQL-testing.parquet,Fwd Packet Length Max,507,,0.0,3421.0,111901.625,False,False,ok,
file,MSSQL-testing.parquet,Fwd Packet Length Min,407,,0.0,1472.0,103065.203125,False,False,ok,
file,MSSQL-testing.parquet,Fwd Packet Length Mean,607,,0.0,1472.0,99462.859375,False,False,ok,
file,MSSQL-testing.parquet,Fwd Packet Length Std,211,,0.0,1101.5657958984375,3508.777587890625,False,False,ok,
file,MSSQL-testing.parquet,Bwd Packet Length Max,170,,0.0,3500.0,144985.5,False,False,ok,
file,MSSQL-testing.parquet,Bwd Packet Length Min,109,,0.0,1460.0,1223.240844726562,False,False,ok,
file,MSSQL-testing.parquet,Bwd Packet Length Mean,303,,0.0,2085.71435546875,12988.19921875,False,False,ok,
file,MSSQL-testing.parquet,Bwd Packet Length Std,201,,0.0,1398.64404296875,13462.501953125,False,False,ok,
file,MSSQL-testing.parquet,Flow Bytes/s,2765,,0.0,2944000000.0,4.261086402175073e+17,False,False,ok,
file,MSSQL-testing.parquet,Flow Packets/s,1384,,0.0510515717617522,3000000.0,813590404294.5018,False,False,ok,
file,MSSQL-testing.parquet,Flow IAT Mean,1375,,0.5,23505642.0,261841928192.0,False,False,ok,
file,MSSQL-testing.parquet,Flow IAT Std,1439,,0.0,38456560.0,1147103346688.0,False,False,ok,
file,MSSQL-testing.parquet,Flow IAT Max,1346,,1.0,88527880.0,20930889777152.0,False,False,ok,
file,MSSQL-testing.parquet,Flow IAT Min,106,,0.0,12348234.0,52685684736.0,False,False,ok,
file,MSSQL-testing.parquet,Fwd IAT Total,732,,0.0,119169064.0,93206477799424.0,False,False,ok,
file,MSSQL-testing.parquet,Fwd IAT Mean,737,,0.0,23505642.0,419254501376.0,False,False,ok,
file,MSSQL-testing.parquet,Fwd IAT Std,682,,0.0,38456560.0,1811792789504.0,False,False,ok,
file,MSSQL-testing.parquet,Fwd IAT Max,714,,0.0,88527880.0,20886876848128.0,False,False,ok,
file,MSSQL-testing.parquet,Fwd IAT Min,64,,0.0,12348234.0,52711600128.0,False,False,ok,
file,MSSQL-testing.parquet,Bwd IAT Total,443,,0.0,119075744.0,79330512207872.0,False,False,ok,
file,MSSQL-testing.parquet,Bwd IAT Mean,458,,0.0,7921726.5,240386473984.0,False,False,ok,
file,MSSQL-testing.parquet,Bwd IAT Std,448,,0.0,20349426.0,1472904298496.0,False,False,ok,
file,MSSQL-testing.parquet,Bwd IAT Max,443,,0.0,59019888.0,18196551696384.0,False,False,ok,
file,MSSQL-testing.parquet,Bwd IAT Min,17,,0.0,52.0,11.197437286377,False,False,ok,
file,MSSQL-testing.parquet,Fwd PSH Flags,2,,0.0,1.0,0.027411694233,False,False,ok,
file,MSSQL-testing.parquet,Bwd PSH Flags,1,0.0,0.0,0.0,0.0,True,True,ok,
file,MSSQL-testing.parquet,Fwd URG Flags,1,0.0,0.0,0.0,0.0,True,True,ok,
file,MSSQL-testing.parquet,Bwd URG Flags,1,0.0,0.0,0.0,0.0,True,True,ok,
file,MSSQL-testing.parquet,Fwd Header Length,422,,-2125437950.0,10768.0,3.020878055613421e+17,False,False,ok,
file,MSSQL-testing.parquet,Bwd Header Length,116,,-2125437950.0,14724.0,1.6287283360353636e+16,False,False,ok,
file,MSSQL-testing.parquet,Fwd Packets/s,1384,,0.05105157196521759,3000000.0,814291353600.0,False,False,ok,
file,MSSQL-testing.parquet,Bwd Packets/s,1125,,0.0,1000000.0,254579552.0,False,False,ok,
file,MSSQL-testing.parquet,Packet Length Min,406,,0.0,1472.0,103105.734375,False,False,ok,
file,MSSQL-testing.parquet,Packet Length Max,558,,0.0,3500.0,194910.765625,False,False,ok,
file,MSSQL-testing.parquet,Packet Length Mean,748,,0.0,1668.5714111328125,96960.765625,False,False,ok,
file,MSSQL-testing.parquet,Packet Length Std,319,,0.0,1238.5421142578125,10732.2646484375,False,False,ok,
file,MSSQL-testing.parquet,Packet Length Variance,319,,0.0,1533986.5,7508252672.0,False,False,ok,
file,MSSQL-testing.parquet,FIN Flag Count,1,0.0,0.0,0.0,0.0,True,True,ok,
file,MSSQL-testing.parquet,SYN Flag Count,2,,0.0,1.0,0.000741747644,False,False,ok,
file,MSSQL-testing.parquet,RST Flag Count,2,,0.0,1.0,0.027411694233,False,False,ok,
file,MSSQL-testing.parquet,PSH Flag Count,1,0.0,0.0,0.0,0.0,True,True,ok,
file,MSSQL-testing.parquet,ACK Flag Count,2,,0.0,1.0,0.038363576312,False,False,ok,
file,MSSQL-testing.parquet,URG Flag Count,2,,0.0,1.0,0.080530725322,False,False,ok,
file,MSSQL-testing.parquet,CWE Flag Count,2,,0.0,1.0,0.036766971472,False,False,ok,
file,MSSQL-testing.parquet,ECE Flag Count,1,0.0,0.0,0.0,0.0,True,True,ok,
file,MSSQL-testing.parquet,Down/Up Ratio,8,,0.0,8.0,0.323431015015,False,False,ok,
file,MSSQL-testing.parquet,Avg Packet Size,763,,0.0,2208.0,220133.515625,False,False,ok,
file,MSSQL-testing.parquet,Avg Fwd Segment Size,607,,0.0,1472.0,99462.859375,False,False,ok,
file,MSSQL-testing.parquet,Avg Bwd Segment Size,303,,0.0,2085.71435546875,12988.19921875,False,False,ok,
file,MSSQL-testing.parquet,Fwd Avg Bytes/Bulk,1,0.0,0.0,0.0,0.0,True,True,ok,
file,MSSQL-testing.parquet,Fwd Avg Packets/Bulk,1,0.0,0.0,0.0,0.0,True,True,ok,
file,MSSQL-testing.parquet,Fwd Avg Bulk Rate,1,0.0,0.0,0.0,0.0,True,True,ok,
file,MSSQL-testing.parquet,Bwd Avg Bytes/Bulk,1,0.0,0.0,0.0,0.0,True,True,ok,
file,MSSQL-testing.parquet,Bwd Avg Packets/Bulk,1,0.0,0.0,0.0,0.0,True,True,ok,
file,MSSQL-testing.parquet,Bwd Avg Bulk Rate,1,0.0,0.0,0.0,0.0,True,True,ok,
file,MSSQL-testing.parquet,Subflow Fwd Packets,58,,1.0,536.0,74.312842469205,False,False,ok,
file,MSSQL-testing.parquet,Subflow Fwd Bytes,580,,0.0,69310.0,2102483.316513387,False,False,ok,
file,MSSQL-testing.parquet,Subflow Bwd Packets,66,,0.0,735.0,119.225638816039,False,False,ok,
file,MSSQL-testing.parquet,Subflow Bwd Bytes,281,,0.0,1310102.0,247164160.0108121,False,False,ok,
file,MSSQL-testing.parquet,Init Fwd Win Bytes,118,,-1.0,64240.0,78276503.77312547,False,False,ok,
file,MSSQL-testing.parquet,Init Bwd Win Bytes,118,,-1.0,63948.0,23144497.601772647,False,False,ok,
file,MSSQL-testing.parquet,Fwd Act Data Packets,35,,0.0,86.0,8.166703826496,False,False,ok,
file,MSSQL-testing.parquet,Fwd Seg Size Min,332,,-1062718975.0,1480.0,7.66572703093385e+16,False,False,ok,
file,MSSQL-testing.parquet,Active Mean,209,,0.0,9072874.0,50560118784.0,False,False,ok,
file,MSSQL-testing.parquet,Active Std,59,,0.0,2812203.25,2919537664.0,False,False,ok,
file,MSSQL-testing.parquet,Active Max,204,,0.0,10822526.0,61123264512.0,False,False,ok,
file,MSSQL-testing.parquet,Active Min,202,,0.0,8703878.0,43532763136.0,False,False,ok,
file,MSSQL-testing.parquet,Idle Mean,279,,0.0,58957592.0,19340380340224.0,False,False,ok,
file,MSSQL-testing.parquet,Idle Std,65,,0.0,42092336.0,358518784000.0,False,False,ok,
file,MSSQL-testing.parquet,Idle Max,277,,0.0,88527880.0,20768886882304.0,False,False,ok,
file,MSSQL-testing.parquet,Idle Min,278,,0.0,58957592.0,18640067887104.0,False,False,ok,
file,MSSQL-training.parquet,Protocol,3,,0.0,17.0,19.23740279267,False,False,ok,
file,MSSQL-training.parquet,Flow Duration,2141,,1.0,118926815.0,60696500372915.29,False,False,ok,
file,MSSQL-training.parquet,Total Fwd Packets,69,,1.0,8624.0,13621.316395241276,False,False,ok,
file,MSSQL-training.parquet,Total Backward Packets,79,,0.0,1425.0,326.02848311643,False,False,ok,
file,MSSQL-training.parquet,Fwd Packets Length Total,743,,0.0,86558.0,3200285.25,False,False,ok,
file,MSSQL-training.parquet,Bwd Packets Length Total,409,,0.0,2230868.0,654160576.0,False,False,ok,
file,MSSQL-training.parquet,Fwd Packet Length Max,546,,0.0,3564.0,121506.4765625,False,False,ok,
file,MSSQL-training.parquet,Fwd Packet Length Min,427,,0.0,1472.0,99036.65625,False,False,ok,
file,MSSQL-training.parquet,Fwd Packet Length Mean,781,,0.0,1472.0,93694.2890625,False,False,ok,
file,MSSQL-training.parquet,Fwd Packet Length Std,388,,0.0,1210.6600341796875,9660.1025390625,False,False,ok,
file,MSSQL-training.parquet,Bwd Packet Length Max,192,,0.0,3564.0,114524.2265625,False,False,ok,
file,MSSQL-training.parquet,Bwd Packet Length Min,103,,0.0,289.0,1091.451293945312,False,False,ok,
file,MSSQL-training.parquet,Bwd Packet Length Mean,423,,0.0,1591.796630859375,12007.98046875,False,False,ok,
file,MSSQL-training.parquet,Bwd Packet Length Std,334,,0.0,1142.68017578125,10906.6669921875,False,False,ok,
file,MSSQL-training.parquet,Flow Bytes/s,3766,,0.0,2944000000.0,4.061166626656064e+17,False,False,ok,
file,MSSQL-training.parquet,Flow Packets/s,2199,,0.1035499739875993,3000000.0,829119527125.468,False,False,ok,
file,MSSQL-training.parquet,Flow IAT Mean,2180,,0.5,11036769.0,241345265664.0,False,False,ok,
file,MSSQL-training.parquet,Flow IAT Std,2149,,0.0,23869064.0,1833332637696.0,False,False,ok,
file,MSSQL-training.parquet,Flow IAT Max,2119,,1.0,63158544.0,23087269543936.0,False,False,ok,
file,MSSQL-training.parquet,Flow IAT Min,126,,0.0,7631198.0,14243614720.0,False,False,ok,
file,MSSQL-training.parquet,Fwd IAT Total,1125,,0.0,118926816.0,60514914795520.0,False,False,ok,
file,MSSQL-training.parquet,Fwd IAT Mean,1146,,0.0,21059822.0,535229726720.0,False,False,ok,
file,MSSQL-training.parquet,Fwd IAT Std,1114,,0.0,36476624.0,2792523038720.0,False,False,ok,
file,MSSQL-training.parquet,Fwd IAT Max,1111,,0.0,63179400.0,23039026659328.0,False,False,ok,
file,MSSQL-training.parquet,Fwd IAT Min,67,,0.0,7631198.0,14231052288.0,False,False,ok,
file,MSSQL-training.parquet,Bwd IAT Total,686,,0.0,118849200.0,40833948581888.0,False,False,ok,
file,MSSQL-training.parquet,Bwd IAT Mean,696,,0.0,21059764.0,305508941824.0,False,False,ok,
file,MSSQL-training.parquet,Bwd IAT Std,680,,0.0,36476576.0,1325802192896.0,False,False,ok,
file,MSSQL-training.parquet,Bwd IAT Max,679,,0.0,63179284.0,11963898789888.0,False,False,ok,
file,MSSQL-training.parquet,Bwd IAT Min,21,,0.0,53.0,16.355449676514,False,False,ok,
file,MSSQL-training.parquet,Fwd PSH Flags,2,,0.0,1.0,0.048834589861,False,False,ok,
file,MSSQL-training.parquet,Bwd PSH Flags,1,0.0,0.0,0.0,0.0,True,True,ok,
file,MSSQL-training.parquet,Fwd URG Flags,1,0.0,0.0,0.0,0.0,True,True,ok,
file,MSSQL-training.parquet,Bwd URG Flags,1,0.0,0.0,0.0,0.0,True,True,ok,
file,MSSQL-training.parquet,Fwd Header Length,504,,-4250875888.0,28720.0,2.8357474339123654e+17,False,False,ok,
file,MSSQL-training.parquet,Bwd Header Length,173,,-17003494240.0,45616.0,5.629892853700271e+16,False,False,ok,
file,MSSQL-training.parquet,Fwd Packets/s,2183,,0.06329093128442764,3000000.0,829430693888.0,False,False,ok,
file,MSSQL-training.parquet,Bwd Packets/s,1913,,0.0,2000000.0,848580800.0,False,False,ok,
file,MSSQL-training.parquet,Packet Length Min,423,,0.0,1472.0,99173.7890625,False,False,ok,
file,MSSQL-training.parquet,Packet Length Max,622,,0.0,3564.0,182435.765625,False,False,ok,
file,MSSQL-training.parquet,Packet Length Mean,973,,0.0,1472.0,90643.984375,False,False,ok,
file,MSSQL-training.parquet,Packet Length Std,557,,0.0,1163.2071533203125,13020.7548828125,False,False,ok,
file,MSSQL-training.parquet,Packet Length Variance,557,,0.0,1353050.875,6576517120.0,False,False,ok,
file,MSSQL-training.parquet,FIN Flag Count,1,0.0,0.0,0.0,0.0,True,True,ok,
file,MSSQL-training.parquet,SYN Flag Count,2,,0.0,1.0,0.001092297984,False,False,ok,
file,MSSQL-training.parquet,RST Flag Count,2,,0.0,1.0,0.048834589861,False,False,ok,
file,MSSQL-training.parquet,PSH Flag Count,1,0.0,0.0,0.0,0.0,True,True,ok,
file,MSSQL-training.parquet,ACK Flag Count,2,,0.0,1.0,0.031984018491,False,False,ok,
file,MSSQL-training.parquet,URG Flag Count,2,,0.0,1.0,0.129209865265,False,False,ok,
file,MSSQL-training.parquet,CWE Flag Count,2,,0.0,1.0,0.033343428935,False,False,ok,
file,MSSQL-training.parquet,ECE Flag Count,1,0.0,0.0,0.0,0.0,True,True,ok,
file,MSSQL-training.parquet,Down/Up Ratio,7,,0.0,10.0,0.251209944487,False,False,ok,
file,MSSQL-training.parquet,Avg Packet Size,1005,,0.0,2208.0,206113.265625,False,False,ok,
file,MSSQL-training.parquet,Avg Fwd Segment Size,781,,0.0,1472.0,93694.2890625,False,False,ok,
file,MSSQL-training.parquet,Avg Bwd Segment Size,423,,0.0,1591.796630859375,12007.98046875,False,False,ok,
file,MSSQL-training.parquet,Fwd Avg Bytes/Bulk,1,0.0,0.0,0.0,0.0,True,True,ok,
file,MSSQL-training.parquet,Fwd Avg Packets/Bulk,1,0.0,0.0,0.0,0.0,True,True,ok,
file,MSSQL-training.parquet,Fwd Avg Bulk Rate,1,0.0,0.0,0.0,0.0,True,True,ok,
file,MSSQL-training.parquet,Bwd Avg Bytes/Bulk,1,0.0,0.0,0.0,0.0,True,True,ok,
file,MSSQL-training.parquet,Bwd Avg Packets/Bulk,1,0.0,0.0,0.0,0.0,True,True,ok,
file,MSSQL-training.parquet,Bwd Avg Bulk Rate,1,0.0,0.0,0.0,0.0,True,True,ok,
file,MSSQL-training.parquet,Subflow Fwd Packets,69,,1.0,8624.0,13621.316395241276,False,False,ok,
file,MSSQL-training.parquet,Subflow Fwd Bytes,743,,0.0,86558.0,3200285.7435532715,False,False,ok,
file,MSSQL-training.parquet,Subflow Bwd Packets,79,,0.0,1425.0,326.02848311643,False,False,ok,
file,MSSQL-training.parquet,Subflow Bwd Bytes,409,,0.0,2230868.0,654160523.3501312,False,False,ok,
file,MSSQL-training.parquet,Init Fwd Win Bytes,341,,-1.0,64240.0,29226052.575227253,False,False,ok,
file,MSSQL-training.parquet,Init Bwd Win Bytes,245,,-1.0,65535.0,14830787.753282715,False,False,ok,
file,MSSQL-training.parquet,Fwd Act Data Packets,62,,0.0,287.0,34.513300079792,False,False,ok,
file,MSSQL-training.parquet,Fwd Seg Size Min,351,,-1408237563.0,1480.0,6.9756335823308664e+16,False,False,ok,
file,MSSQL-training.parquet,Active Mean,310,,0.0,9021699.0,38747791360.0,False,False,ok,
file,MSSQL-training.parquet,Active Std,57,,0.0,5136062.5,6332623872.0,False,False,ok,
file,MSSQL-training.parquet,Active Max,308,,0.0,9021699.0,55852224512.0,False,False,ok,
file,MSSQL-training.parquet,Active Min,299,,0.0,9021699.0,34991890432.0,False,False,ok,
file,MSSQL-training.parquet,Idle Mean,342,,0.0,63158544.0,20818742476800.0,False,False,ok,
file,MSSQL-training.parquet,Idle Std,58,,0.0,33652996.0,775095713792.0,False,False,ok,
file,MSSQL-training.parquet,Idle Max,342,,0.0,63158544.0,22997981200384.0,False,False,ok,
file,MSSQL-training.parquet,Idle Min,340,,0.0,63158544.0,19772108439552.0,False,False,ok,
file,NetBIOS-testing.parquet,Protocol,3,,0.0,17.0,31.97863582881,False,False,ok,
file,NetBIOS-testing.parquet,Flow Duration,1327,,1.0,119601921.0,391624016725994.5,False,False,ok,
file,NetBIOS-testing.parquet,Total Fwd Packets,56,,1.0,220.0,118.13981143795,False,False,ok,
file,NetBIOS-testing.parquet,Total Backward Packets,70,,0.0,290.0,159.519499861129,False,False,ok,
file,NetBIOS-testing.parquet,Fwd Packets Length Total,348,,0.0,62242.0,11107479.0,False,False,ok,
file,NetBIOS-testing.parquet,Bwd Packets Length Total,266,,0.0,240376.0,92763256.0,False,False,ok,
file,NetBIOS-testing.parquet,Fwd Packet Length Max,279,,0.0,3129.0,128828.15625,False,False,ok,
file,NetBIOS-testing.parquet,Fwd Packet Length Min,164,,0.0,1472.0,31707.9296875,False,False,ok,
file,NetBIOS-testing.parquet,Fwd Packet Length Mean,370,,0.0,1472.0,33417.5390625,False,False,ok,
file,NetBIOS-testing.parquet,Fwd Packet Length Std,212,,0.0,1233.556884765625,12188.86328125,False,False,ok,
file,NetBIOS-testing.parquet,Bwd Packet Length Max,151,,0.0,3413.0,424637.28125,False,False,ok,
file,NetBIOS-testing.parquet,Bwd Packet Length Min,96,,0.0,327.0,2387.877197265625,False,False,ok,
file,NetBIOS-testing.parquet,Bwd Packet Length Mean,290,,0.0,2085.71435546875,33843.1640625,False,False,ok,
file,NetBIOS-testing.parquet,Bwd Packet Length Std,198,,0.0,1413.379150390625,39581.85546875,False,False,ok,
file,NetBIOS-testing.parquet,Flow Bytes/s,1362,,0.0,2944000000.0,9.746195688635851e+16,False,False,ok,
file,NetBIOS-testing.parquet,Flow Packets/s,1355,,0.0800826517031698,3000000.0,496264271578.61896,False,False,ok,
file,NetBIOS-testing.parquet,Flow IAT Mean,1333,,0.5,16649465.0,1950243880960.0,False,False,ok,
file,NetBIOS-testing.parquet,Flow IAT Std,1350,,0.0,28837636.0,7659700355072.0,False,False,ok,
file,NetBIOS-testing.parquet,Flow IAT Max,1317,,1.0,58935148.0,84109686734848.0,False,False,ok,
file,NetBIOS-testing.parquet,Flow IAT Min,109,,0.0,11115652.0,74686947328.0,False,False,ok,
file,NetBIOS-testing.parquet,Fwd IAT Total,646,,0.0,119573912.0,391263434047488.0,False,False,ok,
file,NetBIOS-testing.parquet,Fwd IAT Mean,659,,0.0,16649465.0,2526989516800.0,False,False,ok,
file,NetBIOS-testing.parquet,Fwd IAT Std,627,,0.0,28837636.0,9607806189568.0,False,False,ok,
file,NetBIOS-testing.parquet,Fwd IAT Max,639,,0.0,59014964.0,84306030493696.0,False,False,ok,
file,NetBIOS-testing.parquet,Fwd IAT Min,57,,0.0,11115652.0,74861535232.0,False,False,ok,
file,NetBIOS-testing.parquet,Bwd IAT Total,389,,0.0,119573952.0,316701224730624.0,False,False,ok,
file,NetBIOS-testing.parquet,Bwd IAT Mean,397,,0.0,5817809.0,782337114112.0,False,False,ok,
file,NetBIOS-testing.parquet,Bwd IAT Std,390,,0.0,17864754.0,3743391154176.0,False,False,ok,
file,NetBIOS-testing.parquet,Bwd IAT Max,382,,0.0,58975972.0,57635025977344.0,False,False,ok,
file,NetBIOS-testing.parquet,Bwd IAT Min,14,,0.0,91.0,37.741283416748,False,False,ok,
file,NetBIOS-testing.parquet,Fwd PSH Flags,2,,0.0,1.0,0.108995530867,False,False,ok,
file,NetBIOS-testing.parquet,Bwd PSH Flags,1,0.0,0.0,0.0,0.0,True,True,ok,
file,NetBIOS-testing.parquet,Fwd URG Flags,1,0.0,0.0,0.0,0.0,True,True,ok,
file,NetBIOS-testing.parquet,Bwd URG Flags,1,0.0,0.0,0.0,0.0,True,True,ok,
file,NetBIOS-testing.parquet,Fwd Header Length,128,,-4250875900.0,4424.0,1.2134080661824702e+17,False,False,ok,
file,NetBIOS-testing.parquet,Bwd Header Length,123,,-2125437950.0,5824.0,2.624009158331711e+16,False,False,ok,
file,NetBIOS-testing.parquet,Fwd Packets/s,1350,,0.08008265495300293,3000000.0,496993304576.0,False,False,ok,
file,NetBIOS-testing.parquet,Bwd Packets/s,1125,,0.0,40816.328125,16206795.0,False,False,ok,
file,NetBIOS-testing.parquet,Packet Length Min,161,,0.0,1472.0,31631.943359375,False,False,ok,
file,NetBIOS-testing.parquet,Packet Length Max,307,,0.0,3413.0,449465.65625,False,False,ok,
file,NetBIOS-testing.parquet,Packet Length Mean,494,,0.0,1622.22216796875,38852.734375,False,False,ok,
file,NetBIOS-testing.parquet,Packet Length Std,309,,0.0,1314.37109375,31157.29296875,False,False,ok,
file,NetBIOS-testing.parquet,Packet Length Variance,309,,0.0,1727571.25,23186376704.0,False,False,ok,
file,NetBIOS-testing.parquet,FIN Flag Count,1,0.0,0.0,0.0,0.0,True,True,ok,
file,NetBIOS-testing.parquet,SYN Flag Count,2,,0.0,1.0,0.000449236208,False,False,ok,
file,NetBIOS-testing.parquet,RST Flag Count,2,,0.0,1.0,0.108995530867,False,False,ok,
file,NetBIOS-testing.parquet,PSH Flag Count,1,0.0,0.0,0.0,0.0,True,True,ok,
file,NetBIOS-testing.parquet,ACK Flag Count,2,,0.0,1.0,0.112350662795,False,False,ok,
file,NetBIOS-testing.parquet,URG Flag Count,2,,0.0,1.0,0.218403938897,False,False,ok,
file,NetBIOS-testing.parquet,CWE Flag Count,2,,0.0,1.0,0.120561747254,False,False,ok,
file,NetBIOS-testing.parquet,ECE Flag Count,1,0.0,0.0,0.0,0.0,True,True,ok,
file,NetBIOS-testing.parquet,Down/Up Ratio,8,,0.0,10.0,0.89358407259,False,False,ok,
file,NetBIOS-testing.parquet,Avg Packet Size,503,,0.0,2208.0,75707.0546875,False,False,ok,
file,NetBIOS-testing.parquet,Avg Fwd Segment Size,370,,0.0,1472.0,33417.5390625,False,False,ok,
file,NetBIOS-testing.parquet,Avg Bwd Segment Size,290,,0.0,2085.71435546875,33843.1640625,False,False,ok,
file,NetBIOS-testing.parquet,Fwd Avg Bytes/Bulk,1,0.0,0.0,0.0,0.0,True,True,ok,
file,NetBIOS-testing.parquet,Fwd Avg Packets/Bulk,1,0.0,0.0,0.0,0.0,True,True,ok,
file,NetBIOS-testing.parquet,Fwd Avg Bulk Rate,1,0.0,0.0,0.0,0.0,True,True,ok,
file,NetBIOS-testing.parquet,Bwd Avg Bytes/Bulk,1,0.0,0.0,0.0,0.0,True,True,ok,
file,NetBIOS-testing.parquet,Bwd Avg Packets/Bulk,1,0.0,0.0,0.0,0.0,True,True,ok,
file,NetBIOS-testing.parquet,Bwd Avg Bulk Rate,1,0.0,0.0,0.0,0.0,True,True,ok,
file,NetBIOS-testing.parquet,Subflow Fwd Packets,56,,1.0,220.0,118.13981143795,False,False,ok,
file,NetBIOS-testing.parquet,Subflow Fwd Bytes,348,,0.0,62242.0,11107479.447765484,False,False,ok,
file,NetBIOS-testing.parquet,Subflow Bwd Packets,70,,0.0,290.0,159.519499861129,False,False,ok,
file,NetBIOS-testing.parquet,Subflow Bwd Bytes,266,,0.0,240376.0,92763257.39359656,False,False,ok,
file,NetBIOS-testing.parquet,Init Fwd Win Bytes,144,,-1.0,65535.0,179912172.69547462,False,False,ok,
file,NetBIOS-testing.parquet,Init Bwd Win Bytes,125,,-1.0,65535.0,91299428.61898327,False,False,ok,
file,NetBIOS-testing.parquet,Fwd Act Data Packets,39,,0.0,76.0,31.92716798384,False,False,ok,
file,NetBIOS-testing.parquet,Fwd Seg Size Min,26,,-1062718975.0,1472.0,2.7709229144724544e+16,False,False,ok,
file,NetBIOS-testing.parquet,Active Mean,197,,0.0,13101141.0,276190396416.0,False,False,ok,
file,NetBIOS-testing.parquet,Active Std,131,,0.0,2828200.25,10770290688.0,False,False,ok,
file,NetBIOS-testing.parquet,Active Max,186,,0.0,13101141.0,310542368768.0,False,False,ok,
file,NetBIOS-testing.parquet,Active Min,169,,0.0,13101141.0,270639251456.0,False,False,ok,
file,NetBIOS-testing.parquet,Idle Mean,220,,0.0,58929596.0,80029459415040.0,False,False,ok,
file,NetBIOS-testing.parquet,Idle Std,146,,0.0,22966336.0,863804456960.0,False,False,ok,
file,NetBIOS-testing.parquet,Idle Max,220,,0.0,58935148.0,84222756782080.0,False,False,ok,
file,NetBIOS-testing.parquet,Idle Min,220,,0.0,58929596.0,78317118029824.0,False,False,ok,
file,NetBIOS-training.parquet,Protocol,3,,0.0,17.0,30.757647375478,False,False,ok,
file,NetBIOS-training.parquet,Flow Duration,1081,,1.0,42344267.0,84224021267026.44,False,False,ok,
file,NetBIOS-training.parquet,Total Fwd Packets,62,,1.0,438.0,559.732577840213,False,False,ok,
file,NetBIOS-training.parquet,Total Backward Packets,82,,0.0,556.0,1029.1976402932,False,False,ok,
file,NetBIOS-training.parquet,Fwd Packets Length Total,326,,0.0,78330.0,16100047.0,False,False,ok,
file,NetBIOS-training.parquet,Bwd Packets Length Total,340,,0.0,902272.0,1351067008.0,False,False,ok,
file,NetBIOS-training.parquet,Fwd Packet Length Max,214,,0.0,3493.0,234892.484375,False,False,ok,
file,NetBIOS-training.parquet,Fwd Packet Length Min,47,,0.0,1717.0,11360.478515625,False,False,ok,
file,NetBIOS-training.parquet,Fwd Packet Length Mean,350,,0.0,1717.0,18890.63671875,False,False,ok,
file,NetBIOS-training.parquet,Fwd Packet Length Std,313,,0.0,1273.98876953125,27976.64453125,False,False,ok,
file,NetBIOS-training.parquet,Bwd Packet Length Max,172,,0.0,3413.0,731656.8125,False,False,ok,
file,NetBIOS-training.parquet,Bwd Packet Length Min,81,,0.0,327.0,1398.076049804688,False,False,ok,
file,NetBIOS-training.parquet,Bwd Packet Length Mean,358,,0.0,1850.769287109375,61992.7421875,False,False,ok,
file,NetBIOS-training.parquet,Bwd Packet Length Std,289,,0.0,1374.429443359375,65762.65625,False,False,ok,
file,NetBIOS-training.parquet,Flow Bytes/s,1076,,0.0,1192000000.0,1.5657331002909882e+16,False,False,ok,
file,NetBIOS-training.parquet,Flow Packets/s,1118,,0.0944637912848981,3000000.0,436960447230.1508,False,False,ok,
file,NetBIOS-training.parquet,Flow IAT Mean,1104,,0.5,14114756.0,1654426173440.0,False,False,ok,
file,NetBIOS-training.parquet,Flow IAT Std,1089,,0.0,24447390.0,5051911241728.0,False,False,ok,
file,NetBIOS-training.parquet,Flow IAT Max,1067,,1.0,42344172.0,23592658010112.0,False,False,ok,
file,NetBIOS-training.parquet,Flow IAT Min,73,,0.0,3067769.0,21875853312.0,False,False,ok,
file,NetBIOS-training.parquet,Fwd IAT Total,661,,0.0,42344268.0,83643263352832.0,False,False,ok,
file,NetBIOS-training.parquet,Fwd IAT Mean,672,,0.0,14114756.0,2296855134208.0,False,False,ok,
file,NetBIOS-training.parquet,Fwd IAT Std,634,,0.0,24447390.0,5712327475200.0,False,False,ok,
file,NetBIOS-training.parquet,Fwd IAT Max,664,,0.0,42344172.0,23186961858560.0,False,False,ok,
file,NetBIOS-training.parquet,Fwd IAT Min,55,,0.0,3067769.0,21869451264.0,False,False,ok,
file,NetBIOS-training.parquet,Bwd IAT Total,485,,0.0,41615592.0,57021030203392.0,False,False,ok,
file,NetBIOS-training.parquet,Bwd IAT Mean,498,,0.0,4554671.5,894893883392.0,False,False,ok,
file,NetBIOS-training.parquet,Bwd IAT Std,493,,0.0,9463663.0,1729343782912.0,False,False,ok,
file,NetBIOS-training.parquet,Bwd IAT Max,484,,0.0,34128456.0,10596254744576.0,False,False,ok,
file,NetBIOS-training.parquet,Bwd IAT Min,14,,0.0,51.0,62.808486938477,False,False,ok,
file,NetBIOS-training.parquet,Fwd PSH Flags,2,,0.0,1.0,0.130210163971,False,False,ok,
file,NetBIOS-training.parquet,Bwd PSH Flags,1,0.0,0.0,0.0,0.0,True,True,ok,
file,NetBIOS-training.parquet,Fwd URG Flags,1,0.0,0.0,0.0,0.0,True,True,ok,
file,NetBIOS-training.parquet,Bwd URG Flags,1,0.0,0.0,0.0,0.0,True,True,ok,
file,NetBIOS-training.parquet,Fwd Header Length,144,,-12752624928.0,134480904.0,1.75837394499537e+17,False,False,ok,
file,NetBIOS-training.parquet,Bwd Header Length,154,,0.0,14080.0,883976.2731624141,False,False,ok,
file,NetBIOS-training.parquet,Fwd Packets/s,1109,,0.0944637879729271,3000000.0,437680898048.0,False,False,ok,
file,NetBIOS-training.parquet,Bwd Packets/s,963,,0.0,500000.0,207110896.0,False,False,ok,
file,NetBIOS-training.parquet,Packet Length Min,46,,0.0,553.0,9712.0126953125,False,False,ok,
file,NetBIOS-training.parquet,Packet Length Max,221,,0.0,3493.0,773836.75,False,False,ok,
file,NetBIOS-training.parquet,Packet Length Mean,458,,0.0,1209.9000244140625,27791.50390625,False,False,ok,
file,NetBIOS-training.parquet,Packet Length Std,405,,0.0,1293.906494140625,54665.1953125,False,False,ok,
file,NetBIOS-training.parquet,Packet Length Variance,405,,0.0,1674194.125,32622219264.0,False,False,ok,
file,NetBIOS-training.parquet,FIN Flag Count,1,0.0,0.0,0.0,0.0,True,True,ok,
file,NetBIOS-training.parquet,SYN Flag Count,2,,0.0,1.0,0.002446468466,False,False,ok,
file,NetBIOS-training.parquet,RST Flag Count,2,,0.0,1.0,0.130210163971,False,False,ok,
file,NetBIOS-training.parquet,PSH Flag Count,1,0.0,0.0,0.0,0.0,True,True,ok,
file,NetBIOS-training.parquet,ACK Flag Count,2,,0.0,1.0,0.156208590382,False,False,ok,
file,NetBIOS-training.parquet,URG Flag Count,2,,0.0,1.0,0.233970049181,False,False,ok,
file,NetBIOS-training.parquet,CWE Flag Count,2,,0.0,1.0,0.110808330774,False,False,ok,
file,NetBIOS-training.parquet,ECE Flag Count,1,0.0,0.0,0.0,0.0,True,True,ok,
file,NetBIOS-training.parquet,Down/Up Ratio,7,,0.0,7.0,0.807984948158,False,False,ok,
file,NetBIOS-training.parquet,Avg Packet Size,469,,0.0,1273.5789794921875,37426.5390625,False,False,ok,
file,NetBIOS-training.parquet,Avg Fwd Segment Size,350,,0.0,1717.0,18890.63671875,False,False,ok,
file,NetBIOS-training.parquet,Avg Bwd Segment Size,358,,0.0,1850.769287109375,61992.7421875,False,False,ok,
file,NetBIOS-training.parquet,Fwd Avg Bytes/Bulk,1,0.0,0.0,0.0,0.0,True,True,ok,
file,NetBIOS-training.parquet,Fwd Avg Packets/Bulk,1,0.0,0.0,0.0,0.0,True,True,ok,
file,NetBIOS-training.parquet,Fwd Avg Bulk Rate,1,0.0,0.0,0.0,0.0,True,True,ok,
file,NetBIOS-training.parquet,Bwd Avg Bytes/Bulk,1,0.0,0.0,0.0,0.0,True,True,ok,
file,NetBIOS-training.parquet,Bwd Avg Packets/Bulk,1,0.0,0.0,0.0,0.0,True,True,ok,
file,NetBIOS-training.parquet,Bwd Avg Bulk Rate,1,0.0,0.0,0.0,0.0,True,True,ok,
file,NetBIOS-training.parquet,Subflow Fwd Packets,62,,1.0,438.0,559.732577840213,False,False,ok,
file,NetBIOS-training.parquet,Subflow Fwd Bytes,326,,0.0,78330.0,16100048.162983367,False,False,ok,
file,NetBIOS-training.parquet,Subflow Bwd Packets,82,,0.0,556.0,1029.1976402932,False,False,ok,
file,NetBIOS-training.parquet,Subflow Bwd Bytes,340,,0.0,902272.0,1351067046.7434309,False,False,ok,
file,NetBIOS-training.parquet,Init Fwd Win Bytes,213,,-1.0,65535.0,144543211.29783574,False,False,ok,
file,NetBIOS-training.parquet,Init Bwd Win Bytes,186,,-1.0,65535.0,101205258.42752373,False,False,ok,
file,NetBIOS-training.parquet,Fwd Act Data Packets,55,,0.0,437.0,298.719535396542,False,False,ok,
file,NetBIOS-training.parquet,Fwd Seg Size Min,20,,-1062718972.0,67240452.0,1.839063750932703e+16,False,False,ok,
file,NetBIOS-training.parquet,Active Mean,192,,0.0,12271715.0,399348137984.0,False,False,ok,
file,NetBIOS-training.parquet,Active Std,97,,0.0,7851994.5,45857001472.0,False,False,ok,
file,NetBIOS-training.parquet,Active Max,183,,0.0,13961959.0,524729188352.0,False,False,ok,
file,NetBIOS-training.parquet,Active Min,176,,0.0,12271715.0,381930504192.0,False,False,ok,
file,NetBIOS-training.parquet,Idle Mean,206,,0.0,42344172.0,22842636763136.0,False,False,ok,
file,NetBIOS-training.parquet,Idle Std,114,,0.0,7960264.0,174711013376.0,False,False,ok,
file,NetBIOS-training.parquet,Idle Max,207,,0.0,42344172.0,23606826369024.0,False,False,ok,
file,NetBIOS-training.parquet,Idle Min,207,,0.0,42344172.0,22307433086976.0,False,False,ok,
file,NTP-testing.parquet,Protocol,3,,0.0,17.0,7.106986739682,False,False,ok,
file,NTP-testing.parquet,Flow Duration,27986,,1.0,119995906.0,103822692048517.6,False,False,ok,
file,NTP-testing.parquet,Total Fwd Packets,241,,1.0,916.0,4050.718708276823,False,False,ok,
file,NTP-testing.parquet,Total Backward Packets,188,,0.0,1862.0,320.417622473022,False,False,ok,
file,NTP-testing.parquet,Fwd Packets Length Total,1934,,0.0,176000.0,791386240.0,False,False,ok,
file,NTP-testing.parquet,Bwd Packets Length Total,1223,,0.0,8829488.0,3976243968.0,False,False,ok,
file,NTP-testing.parquet,Fwd Packet Length Max,783,,0.0,3569.0,24933.994140625,False,False,ok,
file,NTP-testing.parquet,Fwd Packet Length Min,70,,0.0,2020.0,24480.138671875,False,False,ok,
file,NTP-testing.parquet,Fwd Packet Length Mean,1837,,0.0,2666.0869140625,14959.5732421875,False,False,ok,
file,NTP-testing.parquet,Fwd Packet Length Std,2092,,0.0,1365.4232177734375,3266.74072265625,False,False,ok,
file,NTP-testing.parquet,Bwd Packet Length Max,420,,0.0,37960.0,310932.8125,False,False,ok,
file,NTP-testing.parquet,Bwd Packet Length Min,164,,0.0,1460.0,645.554260253906,False,False,ok,
file,NTP-testing.parquet,Bwd Packet Length Mean,1499,,0.0,5011.06005859375,10086.8310546875,False,False,ok,
file,NTP-testing.parquet,Bwd Packet Length Std,1412,,0.0,7045.09521484375,12622.412109375,False,False,ok,
file,NTP-testing.parquet,Flow Bytes/s,93952,,0.0,1760000000.0,3007676157587917.0,False,False,ok,
file,NTP-testing.parquet,Flow Packets/s,71357,,0.0366934339457507,4000000.0,28094748848.39577,False,False,ok,
file,NTP-testing.parquet,Flow IAT Mean,78839,,0.3333333432674408,36337108.0,113585987584.0,False,False,ok,
file,NTP-testing.parquet,Flow IAT Std,124739,,0.0,62937576.0,900239130624.0,False,False,ok,
file,NTP-testing.parquet,Flow IAT Max,17212,,1.0,119948016.0,20581581848576.0,False,False,ok,
file,NTP-testing.parquet,Flow IAT Min,861,,0.0,5887985.0,2733149184.0,False,False,ok,
file,NTP-testing.parquet,Fwd IAT Total,24950,,0.0,119995904.0,103276188008448.0,False,False,ok,
file,NTP-testing.parquet,Fwd IAT Mean,75200,,0.0,28010468.0,220188999680.0,False,False,ok,
file,NTP-testing.parquet,Fwd IAT Std,120949,,0.0,56020636.0,1474208989184.0,False,False,ok,
file,NTP-testing.parquet,Fwd IAT Max,13887,,0.0,119948016.0,20379808563200.0,False,False,ok,
file,NTP-testing.parquet,Fwd IAT Min,161,,0.0,5887985.0,2951614208.0,False,False,ok,
file,NTP-testing.parquet,Bwd IAT Total,3079,,0.0,119841024.0,85510458441728.0,False,False,ok,
file,NTP-testing.parquet,Bwd IAT Mean,3109,,0.0,54505584.0,205266223104.0,False,False,ok,
file,NTP-testing.parquet,Bwd IAT Std,3078,,0.0,77082528.0,1313416413184.0,False,False,ok,
file,NTP-testing.parquet,Bwd IAT Max,3008,,0.0,109011160.0,17684871774208.0,False,False,ok,
file,NTP-testing.parquet,Bwd IAT Min,55,,0.0,168.0,2.389932870865,False,False,ok,
file,NTP-testing.parquet,Fwd PSH Flags,2,,0.0,1.0,0.008954975817,False,False,ok,
file,NTP-testing.parquet,Bwd PSH Flags,1,0.0,0.0,0.0,0.0,True,True,ok,
file,NTP-testing.parquet,Fwd URG Flags,1,0.0,0.0,0.0,0.0,True,True,ok,
file,NTP-testing.parquet,Bwd URG Flags,1,0.0,0.0,0.0,0.0,True,True,ok,
file,NTP-testing.parquet,Fwd Header Length,2020,,-212543795000.0,88000.0,5.613101302629974e+19,False,False,ok,
file,NTP-testing.parquet,Bwd Header Length,344,,-2125437950.0,37264.0,402490521191023.7,False,False,ok,
file,NTP-testing.parquet,Fwd Packets/s,69295,,0.009173358790576458,4000000.0,27521609728.0,False,False,ok,
file,NTP-testing.parquet,Bwd Packets/s,6868,,0.0,2000000.0,315268256.0,False,False,ok,
file,NTP-testing.parquet,Packet Length Min,64,,0.0,1460.0,24445.62109375,False,False,ok,
file,NTP-testing.parquet,Packet Length Max,616,,0.0,37960.0,297097.9375,False,False,ok,
file,NTP-testing.parquet,Packet Length Mean,2527,,0.0,4023.9453125,15667.8330078125,False,False,ok,
file,NTP-testing.parquet,Packet Length Std,2605,,0.0,6616.56201171875,11249.7607421875,False,False,ok,
file,NTP-testing.parquet,Packet Length Variance,2605,,0.0,43778892.0,112653598720.0,False,False,ok,
file,NTP-testing.parquet,FIN Flag Count,1,0.0,0.0,0.0,0.0,True,True,ok,
file,NTP-testing.parquet,SYN Flag Count,2,,0.0,1.0,0.000163330755,False,False,ok,
file,NTP-testing.parquet,RST Flag Count,2,,0.0,1.0,0.008954975817,False,False,ok,
file,NTP-testing.parquet,PSH Flag Count,1,0.0,0.0,0.0,0.0,True,True,ok,
file,NTP-testing.parquet,ACK Flag Count,2,,0.0,1.0,0.020209211084,False,False,ok,
file,NTP-testing.parquet,URG Flag Count,2,,0.0,1.0,0.037100334572,False,False,ok,
file,NTP-testing.parquet,CWE Flag Count,2,,0.0,1.0,0.02419967228,False,False,ok,
file,NTP-testing.parquet,ECE Flag Count,1,0.0,0.0,0.0,0.0,True,True,ok,
file,NTP-testing.parquet,Down/Up Ratio,13,,0.0,23.0,0.209473267198,False,False,ok,
file,NTP-testing.parquet,Avg Packet Size,2860,,0.0,4025.778564453125,16803.07421875,False,False,ok,
file,NTP-testing.parquet,Avg Fwd Segment Size,1837,,0.0,2666.0869140625,14959.5732421875,False,False,ok,
file,NTP-testing.parquet,Avg Bwd Segment Size,1499,,0.0,5011.06005859375,10086.8310546875,False,False,ok,
file,NTP-testing.parquet,Fwd Avg Bytes/Bulk,1,0.0,0.0,0.0,0.0,True,True,ok,
file,NTP-testing.parquet,Fwd Avg Packets/Bulk,1,0.0,0.0,0.0,0.0,True,True,ok,
file,NTP-testing.parquet,Fwd Avg Bulk Rate,1,0.0,0.0,0.0,0.0,True,True,ok,
file,NTP-testing.parquet,Bwd Avg Bytes/Bulk,1,0.0,0.0,0.0,0.0,True,True,ok,
file,NTP-testing.parquet,Bwd Avg Packets/Bulk,1,0.0,0.0,0.0,0.0,True,True,ok,
file,NTP-testing.parquet,Bwd Avg Bulk Rate,1,0.0,0.0,0.0,0.0,True,True,ok,
file,NTP-testing.parquet,Subflow Fwd Packets,241,,1.0,916.0,4050.718708276823,False,False,ok,
file,NTP-testing.parquet,Subflow Fwd Bytes,1934,,0.0,176000.0,791386323.8179959,False,False,ok,
file,NTP-testing.parquet,Subflow Bwd Packets,188,,0.0,1862.0,320.417622473022,False,False,ok,
file,NTP-testing.parquet,Subflow Bwd Bytes,1223,,0.0,8829488.0,3976244070.0714264,False,False,ok,
file,NTP-testing.parquet,Init Fwd Win Bytes,476,,-1.0,65535.0,46304444.23675651,False,False,ok,
file,NTP-testing.parquet,Init Bwd Win Bytes,504,,-1.0,65535.0,16475922.938484006,False,False,ok,
file,NTP-testing.parquet,Fwd Act Data Packets,212,,0.0,399.0,4041.548388315557,False,False,ok,
file,NTP-testing.parquet,Fwd Seg Size Min,19,,-1408237563.0,440.0,8448019898193771.0,False,False,ok,
file,NTP-testing.parquet,Active Mean,1557,,0.0,10604830.0,35751735296.0,False,False,ok,
file,NTP-testing.parquet,Active Std,1209,,0.0,11005625.0,4661177856.0,False,False,ok,
file,NTP-testing.parquet,Active Max,1528,,0.0,19416376.0,53772369920.0,False,False,ok,
file,NTP-testing.parquet,Active Min,1330,,0.0,10604830.0,32122497024.0,False,False,ok,
file,NTP-testing.parquet,Idle Mean,1598,,0.0,111950464.0,17268128874496.0,False,False,ok,
file,NTP-testing.parquet,Idle Std,1275,,0.0,50725768.0,522314153984.0,False,False,ok,
file,NTP-testing.parquet,Idle Max,1575,,0.0,111950464.0,19103695765504.0,False,False,ok,
file,NTP-testing.parquet,Idle Min,1561,,0.0,111950464.0,16315025719296.0,False,False,ok,
file,Portmap-training.parquet,Protocol,3,,0.0,17.0,31.483335977768,False,False,ok,
file,Portmap-training.parquet,Flow Duration,3046,,1.0,119909914.0,1139824586568577.0,False,False,ok,
file,Portmap-training.parquet,Total Fwd Packets,117,,1.0,20444.0,82167.42703612002,False,False,ok,
file,Portmap-training.parquet,Total Backward Packets,138,,0.0,31700.0,197404.38154124792,False,False,ok,
file,Portmap-training.parquet,Fwd Packets Length Total,643,,0.0,150726.0,17227314.0,False,False,ok,
file,Portmap-training.parquet,Bwd Packets Length Total,677,,0.0,58429504.0,669420421120.0,False,False,ok,
file,Portmap-training.parquet,Fwd Packet Length Max,406,,0.0,3583.0,168985.53125,False,False,ok,
file,Portmap-training.parquet,Fwd Packet Length Min,81,,0.0,1000.0,7914.13671875,False,False,ok,
file,Portmap-training.parquet,Fwd Packet Length Mean,696,,0.0,1449.0,11524.1875,False,False,ok,
file,Portmap-training.parquet,Fwd Packet Length Std,644,,0.0,1178.5421142578125,15283.296875,False,False,ok,
file,Portmap-training.parquet,Bwd Packet Length Max,300,,0.0,3543.0,473867.28125,False,False,ok,
file,Portmap-training.parquet,Bwd Packet Length Min,125,,0.0,1019.0,2704.837890625,False,False,ok,
file,Portmap-training.parquet,Bwd Packet Length Mean,726,,0.0,1843.2020263671875,45403.6171875,False,False,ok,
file,Portmap-training.parquet,Bwd Packet Length Std,634,,0.0,1135.79931640625,43450.7578125,False,False,ok,
file,Portmap-training.parquet,Flow Bytes/s,3873,,0.0,2000000000.0,8211000264725487.0,False,False,ok,
file,Portmap-training.parquet,Flow Packets/s,3159,,0.0424592769889952,3000000.0,224815417159.40646,False,False,ok,
file,Portmap-training.parquet,Flow IAT Mean,3120,,0.5,47103960.0,1949876092928.0,False,False,ok,
file,Portmap-training.parquet,Flow IAT Std,3281,,0.0,31235808.0,8355161047040.0,False,False,ok,
file,Portmap-training.parquet,Flow IAT Max,3012,,1.0,109710504.0,209453861306368.0,False,False,ok,
file,Portmap-training.parquet,Flow IAT Min,310,,0.0,47103960.0,913770151936.0,False,False,ok,
file,Portmap-training.parquet,Fwd IAT Total,1442,,0.0,119909912.0,1142562769338368.0,False,False,ok,
file,Portmap-training.parquet,Fwd IAT Mean,1465,,0.0,47103960.0,3208779137024.0,False,False,ok,
file,Portmap-training.parquet,Fwd IAT Std,1403,,0.0,44998608.0,14903225090048.0,False,False,ok,
file,Portmap-training.parquet,Fwd IAT Max,1407,,0.0,109710504.0,210384225042432.0,False,False,ok,
file,Portmap-training.parquet,Fwd IAT Min,115,,0.0,47103960.0,913400070144.0,False,False,ok,
file,Portmap-training.parquet,Bwd IAT Total,1062,,0.0,119888624.0,985073767677952.0,False,False,ok,
file,Portmap-training.parquet,Bwd IAT Mean,1071,,0.0,25975060.0,1651891109888.0,False,False,ok,
file,Portmap-training.parquet,Bwd IAT Std,1051,,0.0,44990120.0,12379730477056.0,False,False,ok,
file,Portmap-training.parquet,Bwd IAT Max,1055,,0.0,77925176.0,192004583587840.0,False,False,ok,
file,Portmap-training.parquet,Bwd IAT Min,30,,0.0,108.0,15.794673919678,False,False,ok,
file,Portmap-training.parquet,Fwd PSH Flags,2,,0.0,1.0,0.089921635853,False,False,ok,
file,Portmap-training.parquet,Bwd PSH Flags,1,0.0,0.0,0.0,0.0,True,True,ok,
file,Portmap-training.parquet,Fwd URG Flags,1,0.0,0.0,0.0,0.0,True,True,ok,
file,Portmap-training.parquet,Bwd URG Flags,1,0.0,0.0,0.0,0.0,True,True,ok,
file,Portmap-training.parquet,Fwd Header Length,247,,-2125437944.0,429016.0,2.8570944861971076e+16,False,False,ok,
file,Portmap-training.parquet,Bwd Header Length,271,,0.0,634024.0,79093675.81694488,False,False,ok,
file,Portmap-training.parquet,Fwd Packets/s,3143,,0.04245927557349205,3000000.0,221535289344.0,False,False,ok,
file,Portmap-training.parquet,Bwd Packets/s,2729,,0.0,1000000.0,1994647936.0,False,False,ok,
file,Portmap-training.parquet,Packet Length Min,80,,0.0,1000.0,7921.2080078125,False,False,ok,
file,Portmap-training.parquet,Packet Length Max,435,,0.0,3583.0,511295.84375,False,False,ok,
file,Portmap-training.parquet,Packet Length Mean,970,,0.0,1392.1904296875,23803.904296875,False,False,ok,
file,Portmap-training.parquet,Packet Length Std,853,,0.0,1078.103271484375,35579.9453125,False,False,ok,
file,Portmap-training.parquet,Packet Length Variance,853,,0.0,1162306.75,19907094528.0,False,False,ok,
file,Portmap-training.parquet,FIN Flag Count,1,0.0,0.0,0.0,0.0,True,True,ok,
file,Portmap-training.parquet,SYN Flag Count,2,,0.0,1.0,0.001955026711,False,False,ok,
file,Portmap-training.parquet,RST Flag Count,2,,0.0,1.0,0.089921635853,False,False,ok,
file,Portmap-training.parquet,PSH Flag Count,1,0.0,0.0,0.0,0.0,True,True,ok,
file,Portmap-training.parquet,ACK Flag Count,2,,0.0,1.0,0.15667902548,False,False,ok,
file,Portmap-training.parquet,URG Flag Count,2,,0.0,1.0,0.217839321362,False,False,ok,
file,Portmap-training.parquet,CWE Flag Count,2,,0.0,1.0,0.145343630958,False,False,ok,
file,Portmap-training.parquet,ECE Flag Count,1,0.0,0.0,0.0,0.0,True,True,ok,
file,Portmap-training.parquet,Down/Up Ratio,12,,0.0,12.0,0.95488512516,False,False,ok,
file,Portmap-training.parquet,Avg Packet Size,984,,0.0,1500.0,33106.2109375,False,False,ok,
file,Portmap-training.parquet,Avg Fwd Segment Size,696,,0.0,1449.0,11524.1875,False,False,ok,
file,Portmap-training.parquet,Avg Bwd Segment Size,726,,0.0,1843.2020263671875,45403.6171875,False,False,ok,
file,Portmap-training.parquet,Fwd Avg Bytes/Bulk,1,0.0,0.0,0.0,0.0,True,True,ok,
file,Portmap-training.parquet,Fwd Avg Packets/Bulk,1,0.0,0.0,0.0,0.0,True,True,ok,
file,Portmap-training.parquet,Fwd Avg Bulk Rate,1,0.0,0.0,0.0,0.0,True,True,ok,
file,Portmap-training.parquet,Bwd Avg Bytes/Bulk,1,0.0,0.0,0.0,0.0,True,True,ok,
file,Portmap-training.parquet,Bwd Avg Packets/Bulk,1,0.0,0.0,0.0,0.0,True,True,ok,
file,Portmap-training.parquet,Bwd Avg Bulk Rate,1,0.0,0.0,0.0,0.0,True,True,ok,
file,Portmap-training.parquet,Subflow Fwd Packets,117,,1.0,20444.0,82167.42703612002,False,False,ok,
file,Portmap-training.parquet,Subflow Fwd Bytes,643,,0.0,150726.0,17227314.67808177,False,False,ok,
file,Portmap-training.parquet,Subflow Bwd Packets,138,,0.0,31700.0,197404.38154124792,False,False,ok,
file,Portmap-training.parquet,Subflow Bwd Bytes,677,,0.0,58429504.0,669420447351.6117,False,False,ok,
file,Portmap-training.parquet,Init Fwd Win Bytes,336,,-1.0,65535.0,85426951.06550552,False,False,ok,
file,Portmap-training.parquet,Init Bwd Win Bytes,314,,-1.0,65535.0,96399463.26514992,False,False,ok,
file,Portmap-training.parquet,Fwd Act Data Packets,106,,0.0,18766.0,69181.20624280896,False,False,ok,
file,Portmap-training.parquet,Fwd Seg Size Min,10,,-1062718972.0,44.0,7471674096842748.0,False,False,ok,
file,Portmap-training.parquet,Active Mean,704,,0.0,14006532.0,441116688384.0,False,False,ok,
file,Portmap-training.parquet,Active Std,542,,0.0,21352442.0,194183020544.0,False,False,ok,
file,Portmap-training.parquet,Active Max,691,,0.0,45536680.0,1170847694848.0,False,False,ok,
file,Portmap-training.parquet,Active Min,616,,0.0,11133960.0,334686420992.0,False,False,ok,
file,Portmap-training.parquet,Idle Mean,717,,0.0,82791800.0,189145477545984.0,False,False,ok,
file,Portmap-training.parquet,Idle Std,557,,0.0,34755612.0,5359180185600.0,False,False,ok,
file,Portmap-training.parquet,Idle Max,705,,0.0,82791800.0,207788638732288.0,False,False,ok,
file,Portmap-training.parquet,Idle Min,708,,0.0,82791800.0,181228409978880.0,False,False,ok,
file,SNMP-testing.parquet,Protocol,3,,0.0,17.0,22.450595763564,False,False,ok,
file,SNMP-testing.parquet,Flow Duration,1111,,1.0,119980378.0,213027237886264.38,False,False,ok,
file,SNMP-testing.parquet,Total Fwd Packets,48,,1.0,216.0,40.283621971412,False,False,ok,
file,SNMP-testing.parquet,Total Backward Packets,47,,0.0,225.0,42.60754281195,False,False,ok,
file,SNMP-testing.parquet,Fwd Packets Length Total,445,,0.0,67810.0,3384354.5,False,False,ok,
file,SNMP-testing.parquet,Bwd Packets Length Total,193,,0.0,296754.0,40306912.0,False,False,ok,
file,SNMP-testing.parquet,Fwd Packet Length Max,400,,0.0,3079.0,410209.40625,False,False,ok,
file,SNMP-testing.parquet,Fwd Packet Length Min,338,,0.0,1472.0,421391.625,False,False,ok,
file,SNMP-testing.parquet,Fwd Packet Length Mean,463,,0.0,2140.0,411759.0625,False,False,ok,
file,SNMP-testing.parquet,Fwd Packet Length Std,134,,0.0,1154.5025634765625,5713.375,False,False,ok,
file,SNMP-testing.parquet,Bwd Packet Length Max,148,,0.0,3549.0,154062.453125,False,False,ok,
file,SNMP-testing.parquet,Bwd Packet Length Min,97,,0.0,323.0,1369.123657226562,False,False,ok,
file,SNMP-testing.parquet,Bwd Packet Length Mean,206,,0.0,2246.15380859375,12803.1513671875,False,False,ok,
file,SNMP-testing.parquet,Bwd Packet Length Std,113,,0.0,1413.6973876953125,14948.0263671875,False,False,ok,
file,SNMP-testing.parquet,Flow Bytes/s,1707,,0.0,2944000000.0,1.2524196691724024e+18,False,False,ok,
file,SNMP-testing.parquet,Flow Packets/s,1131,,0.0446522874468231,3000000.0,671180189228.83,False,False,ok,
file,SNMP-testing.parquet,Flow IAT Mean,1119,,0.5,29860360.0,946249203712.0,False,False,ok,
file,SNMP-testing.parquet,Flow IAT Std,1100,,0.0,51719504.0,4912517742592.0,False,False,ok,
file,SNMP-testing.parquet,Flow IAT Max,1104,,1.0,119937920.0,58008948178944.0,False,False,ok,
file,SNMP-testing.parquet,Flow IAT Min,94,,0.0,4742102.0,14871353344.0,False,False,ok,
file,SNMP-testing.parquet,Fwd IAT Total,388,,0.0,119980376.0,208868017700864.0,False,False,ok,
file,SNMP-testing.parquet,Fwd IAT Mean,400,,0.0,28166404.0,1086038540288.0,False,False,ok,
file,SNMP-testing.parquet,Fwd IAT Std,346,,0.0,48785640.0,5880359682048.0,False,False,ok,
file,SNMP-testing.parquet,Fwd IAT Max,386,,0.0,119937920.0,53757295460352.0,False,False,ok,
file,SNMP-testing.parquet,Fwd IAT Min,65,,0.0,4742102.0,14844521472.0,False,False,ok,
file,SNMP-testing.parquet,Bwd IAT Total,227,,0.0,119626800.0,111886666301440.0,False,False,ok,
file,SNMP-testing.parquet,Bwd IAT Mean,233,,0.0,44790452.0,1273705398272.0,False,False,ok,
file,SNMP-testing.parquet,Bwd IAT Std,215,,0.0,63343260.0,5006135132160.0,False,False,ok,
file,SNMP-testing.parquet,Bwd IAT Max,225,,0.0,89580896.0,35204991287296.0,False,False,ok,
file,SNMP-testing.parquet,Bwd IAT Min,22,,0.0,74.0,20.138010025024,False,False,ok,
file,SNMP-testing.parquet,Fwd PSH Flags,2,,0.0,1.0,0.032005366096,False,False,ok,
file,SNMP-testing.parquet,Bwd PSH Flags,1,0.0,0.0,0.0,0.0,True,True,ok,
file,SNMP-testing.parquet,Fwd URG Flags,1,0.0,0.0,0.0,0.0,True,True,ok,
file,SNMP-testing.parquet,Bwd URG Flags,1,0.0,0.0,0.0,0.0,True,True,ok,
file,SNMP-testing.parquet,Fwd Header Length,450,,-4250875900.0,4392.0,2.2678347663314506e+17,False,False,ok,
file,SNMP-testing.parquet,Bwd Header Length,78,,-2125437950.0,4524.0,3.0152442911218724e+16,False,False,ok,
file,SNMP-testing.parquet,Fwd Packets/s,1129,,0.011163071729242802,3000000.0,670724063232.0,False,False,ok,
file,SNMP-testing.parquet,Bwd Packets/s,963,,0.0,2000000.0,1003347712.0,False,False,ok,
file,SNMP-testing.parquet,Packet Length Min,335,,0.0,1472.0,421983.53125,False,False,ok,
file,SNMP-testing.parquet,Packet Length Max,457,,0.0,3549.0,456330.75,False,False,ok,
file,SNMP-testing.parquet,Packet Length Mean,578,,0.0,1717.6470947265625,401293.40625,False,False,ok,
file,SNMP-testing.parquet,Packet Length Std,220,,0.0,1388.46826171875,12871.30859375,False,False,ok,
file,SNMP-testing.parquet,Packet Length Variance,220,,0.0,1927844.125,10366803968.0,False,False,ok,
file,SNMP-testing.parquet,FIN Flag Count,1,0.0,0.0,0.0,0.0,True,True,ok,
file,SNMP-testing.parquet,SYN Flag Count,2,,0.0,1.0,0.000994529099,False,False,ok,
file,SNMP-testing.parquet,RST Flag Count,2,,0.0,1.0,0.032005366096,False,False,ok,
file,SNMP-testing.parquet,PSH Flag Count,1,0.0,0.0,0.0,0.0,True,True,ok,
file,SNMP-testing.parquet,ACK Flag Count,2,,0.0,1.0,0.04324442448,False,False,ok,
file,SNMP-testing.parquet,URG Flag Count,2,,0.0,1.0,0.138279682692,False,False,ok,
file,SNMP-testing.parquet,CWE Flag Count,2,,0.0,1.0,0.046625488933,False,False,ok,
file,SNMP-testing.parquet,ECE Flag Count,1,0.0,0.0,0.0,0.0,True,True,ok,
file,SNMP-testing.parquet,Down/Up Ratio,6,,0.0,5.0,0.369729012251,False,False,ok,
file,SNMP-testing.parquet,Avg Packet Size,585,,0.0,2208.0,914694.25,False,False,ok,
file,SNMP-testing.parquet,Avg Fwd Segment Size,463,,0.0,2140.0,411759.0625,False,False,ok,
file,SNMP-testing.parquet,Avg Bwd Segment Size,206,,0.0,2246.15380859375,12803.1513671875,False,False,ok,
file,SNMP-testing.parquet,Fwd Avg Bytes/Bulk,1,0.0,0.0,0.0,0.0,True,True,ok,
file,SNMP-testing.parquet,Fwd Avg Packets/Bulk,1,0.0,0.0,0.0,0.0,True,True,ok,
file,SNMP-testing.parquet,Fwd Avg Bulk Rate,1,0.0,0.0,0.0,0.0,True,True,ok,
file,SNMP-testing.parquet,Bwd Avg Bytes/Bulk,1,0.0,0.0,0.0,0.0,True,True,ok,
file,SNMP-testing.parquet,Bwd Avg Packets/Bulk,1,0.0,0.0,0.0,0.0,True,True,ok,
file,SNMP-testing.parquet,Bwd Avg Bulk Rate,1,0.0,0.0,0.0,0.0,True,True,ok,
file,SNMP-testing.parquet,Subflow Fwd Packets,48,,1.0,216.0,40.283621971412,False,False,ok,
file,SNMP-testing.parquet,Subflow Fwd Bytes,445,,0.0,67810.0,3384354.7195888795,False,False,ok,
file,SNMP-testing.parquet,Subflow Bwd Packets,47,,0.0,225.0,42.60754281195,False,False,ok,
file,SNMP-testing.parquet,Subflow Bwd Bytes,193,,0.0,296754.0,40306908.207393564,False,False,ok,
file,SNMP-testing.parquet,Init Fwd Win Bytes,71,,-1.0,65535.0,115483741.86755496,False,False,ok,
file,SNMP-testing.parquet,Init Bwd Win Bytes,89,,-1.0,63948.0,31928785.97209372,False,False,ok,
file,SNMP-testing.parquet,Fwd Act Data Packets,28,,0.0,62.0,6.784847293699,False,False,ok,
file,SNMP-testing.parquet,Fwd Seg Size Min,406,,-1062718975.0,1480.0,5.769985869315695e+16,False,False,ok,
file,SNMP-testing.parquet,Active Mean,85,,0.0,6910895.5,40995536896.0,False,False,ok,
file,SNMP-testing.parquet,Active Std,65,,0.0,1621002.0,1645588608.0,False,False,ok,
file,SNMP-testing.parquet,Active Max,81,,0.0,7202433.0,50326155264.0,False,False,ok,
file,SNMP-testing.parquet,Active Min,74,,0.0,6640460.0,39321403392.0,False,False,ok,
file,SNMP-testing.parquet,Idle Mean,87,,0.0,119219448.0,35738905214976.0,False,False,ok,
file,SNMP-testing.parquet,Idle Std,69,,0.0,37357800.0,989400072192.0,False,False,ok,
file,SNMP-testing.parquet,Idle Max,88,,0.0,119219448.0,39673799901184.0,False,False,ok,
file,SNMP-testing.parquet,Idle Min,88,,0.0,119219448.0,33682341494784.0,False,False,ok,
file,Syn-testing.parquet,Protocol,3,,0.0,17.0,17.882858910665,False,False,ok,
file,Syn-testing.parquet,Flow Duration,708,,1.0,119442795.0,1984576064317708.2,False,False,ok,
file,Syn-testing.parquet,Total Fwd Packets,40,,1.0,606.0,538.878226315233,False,False,ok,
file,Syn-testing.parquet,Total Backward Packets,43,,0.0,817.0,991.196653736892,False,False,ok,
file,Syn-testing.parquet,Fwd Packets Length Total,86,,0.0,33738.0,4900911.0,False,False,ok,
file,Syn-testing.parquet,Bwd Packets Length Total,110,,0.0,1468048.0,2798780160.0,False,False,ok,
file,Syn-testing.parquet,Fwd Packet Length Max,70,,0.0,2847.0,61740.0546875,False,False,ok,
file,Syn-testing.parquet,Fwd Packet Length Min,25,,0.0,201.0,282.304382324219,False,False,ok,
file,Syn-testing.parquet,Fwd Packet Length Mean,92,,0.0,906.9091186523438,2690.015869140625,False,False,ok,
file,Syn-testing.parquet,Fwd Packet Length Std,69,,0.0,1089.4107666015625,6334.369140625,False,False,ok,
file,Syn-testing.parquet,Bwd Packet Length Max,81,,0.0,3548.0,310155.21875,False,False,ok,
file,Syn-testing.parquet,Bwd Packet Length Min,52,,0.0,327.0,1916.93017578125,False,False,ok,
file,Syn-testing.parquet,Bwd Packet Length Mean,110,,0.0,1796.8763427734375,26872.376953125,False,False,ok,
file,Syn-testing.parquet,Bwd Packet Length Std,60,,0.0,1143.076904296875,26385.357421875,False,False,ok,
file,Syn-testing.parquet,Flow Bytes/s,263,,0.0,89333333.33333333,18030450224661.004,False,False,ok,
file,Syn-testing.parquet,Flow Packets/s,715,,0.0578366908737316,3000000.0,141929791680.17264,False,False,ok,
file,Syn-testing.parquet,Flow IAT Mean,721,,0.5,23053416.0,12656090021888.0,False,False,ok,
file,Syn-testing.parquet,Flow IAT Std,782,,0.0,39929688.0,29080053350400.0,False,False,ok,
file,Syn-testing.parquet,Flow IAT Max,701,,1.0,93276272.0,275393655341056.0,False,False,ok,
file,Syn-testing.parquet,Flow IAT Min,42,,0.0,61752.0,24274724.0,False,False,ok,
file,Syn-testing.parquet,Fwd IAT Total,452,,0.0,119442792.0,1987263382683648.0,False,False,ok,
file,Syn-testing.parquet,Fwd IAT Mean,455,,0.0,23053416.0,14769749753856.0,False,False,ok,
file,Syn-testing.parquet,Fwd IAT Std,422,,0.0,39929688.0,33617854070784.0,False,False,ok,
file,Syn-testing.parquet,Fwd IAT Max,451,,0.0,93276272.0,275608403705856.0,False,False,ok,
file,Syn-testing.parquet,Fwd IAT Min,35,,0.0,313277.0,108083088.0,False,False,ok,
file,Syn-testing.parquet,Bwd IAT Total,139,,0.0,113966656.0,301879158374400.0,False,False,ok,
file,Syn-testing.parquet,Bwd IAT Mean,143,,0.0,37717520.0,14159097888768.0,False,False,ok,
file,Syn-testing.parquet,Bwd IAT Std,129,,0.0,65328660.0,46585195003904.0,False,False,ok,
file,Syn-testing.parquet,Bwd IAT Max,138,,0.0,113152560.0,222015432687616.0,False,False,ok,
file,Syn-testing.parquet,Bwd IAT Min,17,,0.0,82.0,113.185745239258,False,False,ok,
file,Syn-testing.parquet,Fwd PSH Flags,2,,0.0,1.0,0.048144469877,False,False,ok,
file,Syn-testing.parquet,Bwd PSH Flags,1,0.0,0.0,0.0,0.0,True,True,ok,
file,Syn-testing.parquet,Fwd URG Flags,1,0.0,0.0,0.0,0.0,True,True,ok,
file,Syn-testing.parquet,Bwd URG Flags,1,0.0,0.0,0.0,0.0,True,True,ok,
file,Syn-testing.parquet,Fwd Header Length,54,,0.0,12192.0,216803.5882909965,False,False,ok,
file,Syn-testing.parquet,Bwd Header Length,50,,0.0,16364.0,400515.36318405555,False,False,ok,
file,Syn-testing.parquet,Fwd Packets/s,720,,0.05783668905496597,3000000.0,142424915968.0,False,False,ok,
file,Syn-testing.parquet,Bwd Packets/s,488,,0.0,43478.26171875,106247584.0,False,False,ok,
file,Syn-testing.parquet,Packet Length Min,25,,0.0,201.0,281.380920410156,False,False,ok,
file,Syn-testing.parquet,Packet Length Max,86,,0.0,3548.0,333850.34375,False,False,ok,
file,Syn-testing.parquet,Packet Length Mean,135,,0.0,1039.2598876953125,10332.751953125,False,False,ok,
file,Syn-testing.parquet,Packet Length Std,109,,0.0,1087.8980712890625,21609.626953125,False,False,ok,
file,Syn-testing.parquet,Packet Length Variance,109,,0.0,1183522.25,13622818816.0,False,False,ok,
file,Syn-testing.parquet,FIN Flag Count,1,0.0,0.0,0.0,0.0,True,True,ok,
file,Syn-testing.parquet,SYN Flag Count,2,,0.0,1.0,0.002200209324,False,False,ok,
file,Syn-testing.parquet,RST Flag Count,2,,0.0,1.0,0.048144469877,False,False,ok,
file,Syn-testing.parquet,PSH Flag Count,1,0.0,0.0,0.0,0.0,True,True,ok,
file,Syn-testing.parquet,ACK Flag Count,2,,0.0,1.0,0.226682339613,False,False,ok,
file,Syn-testing.parquet,URG Flag Count,2,,0.0,1.0,0.137290630633,False,False,ok,
file,Syn-testing.parquet,CWE Flag Count,2,,0.0,1.0,0.084035840316,False,False,ok,
file,Syn-testing.parquet,ECE Flag Count,1,0.0,0.0,0.0,0.0,True,True,ok,
file,Syn-testing.parquet,Down/Up Ratio,7,,0.0,7.0,0.533201932907,False,False,ok,
file,Syn-testing.parquet,Avg Packet Size,136,,0.0,1039.9901123046875,10890.6923828125,False,False,ok,
file,Syn-testing.parquet,Avg Fwd Segment Size,92,,0.0,906.9091186523438,2690.015869140625,False,False,ok,
file,Syn-testing.parquet,Avg Bwd Segment Size,110,,0.0,1796.8763427734375,26872.376953125,False,False,ok,
file,Syn-testing.parquet,Fwd Avg Bytes/Bulk,1,0.0,0.0,0.0,0.0,True,True,ok,
file,Syn-testing.parquet,Fwd Avg Packets/Bulk,1,0.0,0.0,0.0,0.0,True,True,ok,
file,Syn-testing.parquet,Fwd Avg Bulk Rate,1,0.0,0.0,0.0,0.0,True,True,ok,
file,Syn-testing.parquet,Bwd Avg Bytes/Bulk,1,0.0,0.0,0.0,0.0,True,True,ok,
file,Syn-testing.parquet,Bwd Avg Packets/Bulk,1,0.0,0.0,0.0,0.0,True,True,ok,
file,Syn-testing.parquet,Bwd Avg Bulk Rate,1,0.0,0.0,0.0,0.0,True,True,ok,
file,Syn-testing.parquet,Subflow Fwd Packets,40,,1.0,606.0,538.878226315233,False,False,ok,
file,Syn-testing.parquet,Subflow Fwd Bytes,86,,0.0,33738.0,4900910.5023284545,False,False,ok,
file,Syn-testing.parquet,Subflow Bwd Packets,43,,0.0,817.0,991.196653736892,False,False,ok,
file,Syn-testing.parquet,Subflow Bwd Bytes,110,,0.0,1468048.0,2798780555.998709,False,False,ok,
file,Syn-testing.parquet,Init Fwd Win Bytes,51,,-1.0,65535.0,77772235.24371147,False,False,ok,
file,Syn-testing.parquet,Init Bwd Win Bytes,59,,-1.0,60720.0,18391407.149846412,False,False,ok,
file,Syn-testing.parquet,Fwd Act Data Packets,27,,0.0,76.0,23.639778325872,False,False,ok,
file,Syn-testing.parquet,Fwd Seg Size Min,4,,0.0,32.0,3.738556784242,False,False,ok,
file,Syn-testing.parquet,Active Mean,215,,0.0,3013790.0,30035216384.0,False,False,ok,
file,Syn-testing.parquet,Active Std,182,,0.0,2083240.5,36234768384.0,False,False,ok,
file,Syn-testing.parquet,Active Max,144,,0.0,5046828.0,199117438976.0,False,False,ok,
file,Syn-testing.parquet,Active Min,67,,0.0,3013790.0,21508061184.0,False,False,ok,
file,Syn-testing.parquet,Idle Mean,334,,0.0,75194768.0,175370477240320.0,False,False,ok,
file,Syn-testing.parquet,Idle Std,272,,0.0,35990344.0,15361406664704.0,False,False,ok,
file,Syn-testing.parquet,Idle Max,334,,0.0,75194768.0,270753144504320.0,False,False,ok,
file,Syn-testing.parquet,Idle Min,334,,0.0,75194768.0,142470423773184.0,False,False,ok,
file,Syn-training.parquet,Protocol,3,,0.0,17.0,14.55921616537,False,False,ok,
file,Syn-training.parquet,Flow Duration,53257,,1.0,119992888.0,1012430458779427.1,False,False,ok,
file,Syn-training.parquet,Total Fwd Packets,244,,1.0,4648.0,1087.994957486755,False,False,ok,
file,Syn-training.parquet,Total Backward Packets,336,,0.0,8029.0,3029.561765681883,False,False,ok,
file,Syn-training.parquet,Fwd Packets Length Total,2691,,0.0,208524.0,7341148.0,False,False,ok,
file,Syn-training.parquet,Bwd Packets Length Total,3117,,0.0,12892434.0,7748676608.0,False,False,ok,
file,Syn-training.parquet,Fwd Packet Length Max,1273,,0.0,3625.0,86640.3046875,False,False,ok,
file,Syn-training.parquet,Fwd Packet Length Min,97,,0.0,2033.0,951.638671875,False,False,ok,
file,Syn-training.parquet,Fwd Packet Length Mean,3496,,0.0,2033.0,3630.363037109375,False,False,ok,
file,Syn-training.parquet,Fwd Packet Length Std,3714,,0.0,1386.6363525390625,7681.36328125,False,False,ok,
file,Syn-training.parquet,Bwd Packet Length Max,793,,0.0,3627.0,290947.59375,False,False,ok,
file,Syn-training.parquet,Bwd Packet Length Min,176,,0.0,1460.0,1281.672241210938,False,False,ok,
file,Syn-training.parquet,Bwd Packet Length Mean,3691,,0.0,1848.7894287109375,27281.009765625,False,False,ok,
file,Syn-training.parquet,Bwd Packet Length Std,3737,,0.0,1166.2626953125,25617.794921875,False,False,ok,
file,Syn-training.parquet,Flow Bytes/s,56803,,0.0,1734000000.0,951525629669266.8,False,False,ok,
file,Syn-training.parquet,Flow Packets/s,54203,,0.0357163744844006,3000000.0,66039257856.21346,False,False,ok,
file,Syn-training.parquet,Flow IAT Mean,53993,,0.5,51199892.0,6260499939328.0,False,False,ok,
file,Syn-training.parquet,Flow IAT Std,56590,,0.0,64659444.0,17608095039488.0,False,False,ok,
file,Syn-training.parquet,Flow IAT Max,52660,,1.0,117569200.0,176367530409984.0,False,False,ok,
file,Syn-training.parquet,Flow IAT Min,1371,,0.0,51199892.0,82322497536.0,False,False,ok,
file,Syn-training.parquet,Fwd IAT Total,45890,,0.0,119992888.0,1018245343608832.0,False,False,ok,
file,Syn-training.parquet,Fwd IAT Mean,46188,,0.0,51199892.0,9932333121536.0,False,False,ok,
file,Syn-training.parquet,Fwd IAT Std,46654,,0.0,67905824.0,22884409933824.0,False,False,ok,
file,Syn-training.parquet,Fwd IAT Max,45216,,0.0,117616336.0,177546415046656.0,False,False,ok,
file,Syn-training.parquet,Fwd IAT Min,256,,0.0,51199892.0,82343952384.0,False,False,ok,
file,Syn-training.parquet,Bwd IAT Total,26313,,0.0,119941048.0,712004310401024.0,False,False,ok,
file,Syn-training.parquet,Bwd IAT Mean,26433,,0.0,50186792.0,14669523714048.0,False,False,ok,
file,Syn-training.parquet,Bwd IAT Std,26480,,0.0,70974840.0,46205782458368.0,False,False,ok,
file,Syn-training.parquet,Bwd IAT Max,26050,,0.0,117633432.0,244687994617856.0,False,False,ok,
file,Syn-training.parquet,Bwd IAT Min,101,,0.0,206.0,77.889007568359,False,False,ok,
file,Syn-training.parquet,Fwd PSH Flags,2,,0.0,1.0,0.042960509301,False,False,ok,
file,Syn-training.parquet,Bwd PSH Flags,1,0.0,0.0,0.0,0.0,True,True,ok,
file,Syn-training.parquet,Fwd URG Flags,1,0.0,0.0,0.0,0.0,True,True,ok,
file,Syn-training.parquet,Bwd URG Flags,1,0.0,0.0,0.0,0.0,True,True,ok,
file,Syn-training.parquet,Fwd Header Length,560,,0.0,148752.0,820141.2138864222,False,False,ok,
file,Syn-training.parquet,Bwd Header Length,685,,0.0,256944.0,2294636.754999569,False,False,ok,
file,Syn-training.parquet,Fwd Packets/s,53837,,0.009962762705981731,3000000.0,59646726144.0,False,False,ok,
file,Syn-training.parquet,Bwd Packets/s,43504,,0.0,2000000.0,3241434368.0,False,False,ok,
file,Syn-training.parquet,Packet Length Min,74,,0.0,1017.0,497.464233398438,False,False,ok,
file,Syn-training.parquet,Packet Length Max,1191,,0.0,3627.0,317977.8125,False,False,ok,
file,Syn-training.parquet,Packet Length Mean,4750,,0.0,1721.142822265625,11341.49609375,False,False,ok,
file,Syn-training.parquet,Packet Length Std,4724,,0.0,1200.5487060546875,21268.623046875,False,False,ok,
file,Syn-training.parquet,Packet Length Variance,4724,,0.0,1441317.25,11346109440.0,False,False,ok,
file,Syn-training.parquet,FIN Flag Count,1,0.0,0.0,0.0,0.0,True,True,ok,
file,Syn-training.parquet,SYN Flag Count,2,,0.0,1.0,0.00100842143,False,False,ok,
file,Syn-training.parquet,RST Flag Count,2,,0.0,1.0,0.042960509301,False,False,ok,
file,Syn-training.parquet,PSH Flag Count,1,0.0,0.0,0.0,0.0,True,True,ok,
file,Syn-training.parquet,ACK Flag Count,2,,0.0,1.0,0.208578352174,False,False,ok,
file,Syn-training.parquet,URG Flag Count,2,,0.0,1.0,0.129774375989,False,False,ok,
file,Syn-training.parquet,CWE Flag Count,2,,0.0,1.0,0.080389901699,False,False,ok,
file,Syn-training.parquet,ECE Flag Count,1,0.0,0.0,0.0,0.0,True,True,ok,
file,Syn-training.parquet,Down/Up Ratio,14,,0.0,15.0,0.642607331276,False,False,ok,
file,Syn-training.parquet,Avg Packet Size,4778,,0.0,2007.5,12670.05859375,False,False,ok,
file,Syn-training.parquet,Avg Fwd Segment Size,3496,,0.0,2033.0,3630.363037109375,False,False,ok,
file,Syn-training.parquet,Avg Bwd Segment Size,3691,,0.0,1848.7894287109375,27281.009765625,False,False,ok,
file,Syn-training.parquet,Fwd Avg Bytes/Bulk,1,0.0,0.0,0.0,0.0,True,True,ok,
file,Syn-training.parquet,Fwd Avg Packets/Bulk,1,0.0,0.0,0.0,0.0,True,True,ok,
file,Syn-training.parquet,Fwd Avg Bulk Rate,1,0.0,0.0,0.0,0.0,True,True,ok,
file,Syn-training.parquet,Bwd Avg Bytes/Bulk,1,0.0,0.0,0.0,0.0,True,True,ok,
file,Syn-training.parquet,Bwd Avg Packets/Bulk,1,0.0,0.0,0.0,0.0,True,True,ok,
file,Syn-training.parquet,Bwd Avg Bulk Rate,1,0.0,0.0,0.0,0.0,True,True,ok,
file,Syn-training.parquet,Subflow Fwd Packets,244,,1.0,4648.0,1087.994957486755,False,False,ok,
file,Syn-training.parquet,Subflow Fwd Bytes,2691,,0.0,208524.0,7341148.014609801,False,False,ok,
file,Syn-training.parquet,Subflow Bwd Packets,336,,0.0,8029.0,3029.561765681883,False,False,ok,
file,Syn-training.parquet,Subflow Bwd Bytes,3117,,0.0,12892434.0,7748675661.098376,False,False,ok,
file,Syn-training.parquet,Init Fwd Win Bytes,1211,,-1.0,65535.0,48019611.832253486,False,False,ok,
file,Syn-training.parquet,Init Bwd Win Bytes,1014,,-1.0,65535.0,44545504.62307759,False,False,ok,
file,Syn-training.parquet,Fwd Act Data Packets,203,,0.0,3888.0,512.410993059391,False,False,ok,
file,Syn-training.parquet,Fwd Seg Size Min,7,,0.0,44.0,21.825749634563,False,False,ok,
file,Syn-training.parquet,Active Mean,11350,,0.0,40508000.0,276016791552.0,False,False,ok,
file,Syn-training.parquet,Active Std,17490,,0.0,10637562.0,211024068608.0,False,False,ok,
file,Syn-training.parquet,Active Max,10215,,0.0,40508000.0,933667536896.0,False,False,ok,
file,Syn-training.parquet,Active Min,4205,,0.0,40508000.0,187492122624.0,False,False,ok,
file,Syn-training.parquet,Idle Mean,39759,,0.0,117569200.0,131434345922560.0,False,False,ok,
file,Syn-training.parquet,Idle Std,36437,,0.0,69614024.0,13277266444288.0,False,False,ok,
file,Syn-training.parquet,Idle Max,39568,,0.0,117569200.0,179411420708864.0,False,False,ok,
file,Syn-training.parquet,Idle Min,39439,,0.0,117569200.0,111610119061504.0,False,False,ok,
file,TFTP-testing.parquet,Protocol,3,,0.0,17.0,12.423038113473,False,False,ok,
file,TFTP-testing.parquet,Flow Duration,50508,,1.0,119998742.0,197117751564746.66,False,False,ok,
file,TFTP-testing.parquet,Total Fwd Packets,156,,1.0,781.0,52.57078098071,False,False,ok,
file,TFTP-testing.parquet,Total Backward Packets,193,,0.0,1403.0,80.022320863884,False,False,ok,
file,TFTP-testing.parquet,Fwd Packets Length Total,1662,,0.0,88646.0,3165457.75,False,False,ok,
file,TFTP-testing.parquet,Bwd Packets Length Total,1486,,0.0,2757278.0,143521456.0,False,False,ok,
file,TFTP-testing.parquet,Fwd Packet Length Max,1040,,0.0,3467.0,50345.51953125,False,False,ok,
file,TFTP-testing.parquet,Fwd Packet Length Min,75,,0.0,2021.0,38736.1953125,False,False,ok,
file,TFTP-testing.parquet,Fwd Packet Length Mean,2100,,0.0,2177.5556640625,36193.05078125,False,False,ok,
file,TFTP-testing.parquet,Fwd Packet Length Std,2180,,0.0,1423.703369140625,3267.683349609375,False,False,ok,
file,TFTP-testing.parquet,Bwd Packet Length Max,429,,0.0,3628.0,139759.96875,False,False,ok,
file,TFTP-testing.parquet,Bwd Packet Length Min,165,,0.0,1460.0,964.428894042969,False,False,ok,
file,TFTP-testing.parquet,Bwd Packet Length Mean,1875,,0.0,2470.769287109375,11440.0791015625,False,False,ok,
file,TFTP-testing.parquet,Bwd Packet Length Std,1852,,0.0,1497.950927734375,12785.49609375,False,False,ok,
file,TFTP-testing.parquet,Flow Bytes/s,53875,,0.0,1947000000.0,890432127574386.1,False,False,ok,
file,TFTP-testing.parquet,Flow Packets/s,51409,,0.0339203294396667,3000000.0,17221784630.145943,False,False,ok,
file,TFTP-testing.parquet,Flow IAT Mean,51103,,0.5,39307796.0,377577013248.0,False,False,ok,
file,TFTP-testing.parquet,Flow IAT Std,61705,,0.0,68082928.0,1882630127616.0,False,False,ok,
file,TFTP-testing.parquet,Flow IAT Max,39671,,1.0,119954416.0,37145016270848.0,False,False,ok,
file,TFTP-testing.parquet,Flow IAT Min,952,,0.0,15407833.0,7052984832.0,False,False,ok,
file,TFTP-testing.parquet,Fwd IAT Total,45067,,0.0,119998744.0,196368337469440.0,False,False,ok,
file,TFTP-testing.parquet,Fwd IAT Mean,45280,,0.0,26482098.0,473468469248.0,False,False,ok,
file,TFTP-testing.parquet,Fwd IAT Std,55280,,0.0,52963948.0,2696912044032.0,False,False,ok,
file,TFTP-testing.parquet,Fwd IAT Max,34430,,0.0,119954416.0,36456454160384.0,False,False,ok,
file,TFTP-testing.parquet,Fwd IAT Min,196,,0.0,15407833.0,7302193664.0,False,False,ok,
file,TFTP-testing.parquet,Bwd IAT Total,4693,,0.0,119889688.0,162121224552448.0,False,False,ok,
file,TFTP-testing.parquet,Bwd IAT Mean,4756,,0.0,58961592.0,433897963520.0,False,False,ok,
file,TFTP-testing.parquet,Bwd IAT Std,4792,,0.0,83384280.0,2464108773376.0,False,False,ok,
file,TFTP-testing.parquet,Bwd IAT Max,4578,,0.0,117923184.0,33162962927616.0,False,False,ok,
file,TFTP-testing.parquet,Bwd IAT Min,62,,0.0,141.0,6.904668807983,False,False,ok,
file,TFTP-testing.parquet,Fwd PSH Flags,2,,0.0,1.0,0.019712980163,False,False,ok,
file,TFTP-testing.parquet,Bwd PSH Flags,1,0.0,0.0,0.0,0.0,True,True,ok,
file,TFTP-testing.parquet,Fwd URG Flags,1,0.0,0.0,0.0,0.0,True,True,ok,
file,TFTP-testing.parquet,Bwd URG Flags,1,0.0,0.0,0.0,0.0,True,True,ok,
file,TFTP-testing.parquet,Fwd Header Length,755,,-17003503440.0,25008.0,2.175265185581612e+17,False,False,ok,
file,TFTP-testing.parquet,Bwd Header Length,379,,-2125437950.0,44912.0,1964349835789111.8,False,False,ok,
file,TFTP-testing.parquet,Fwd Packets/s,51060,,0.008480082266032696,3000000.0,16723627008.0,False,False,ok,
file,TFTP-testing.parquet,Bwd Packets/s,10700,,0.0,2000000.0,228994608.0,False,False,ok,
file,TFTP-testing.parquet,Packet Length Min,61,,0.0,1472.0,38615.01953125,False,False,ok,
file,TFTP-testing.parquet,Packet Length Max,741,,0.0,3628.0,135274.234375,False,False,ok,
file,TFTP-testing.parquet,Packet Length Mean,2765,,0.0,1889.4117431640625,34328.6015625,False,False,ok,
file,TFTP-testing.parquet,Packet Length Std,2764,,0.0,1416.6668701171875,10076.4228515625,False,False,ok,
file,TFTP-testing.parquet,Packet Length Variance,2764,,0.0,2006945.0,7556669952.0,False,False,ok,
file,TFTP-testing.parquet,FIN Flag Count,1,0.0,0.0,0.0,0.0,True,True,ok,
file,TFTP-testing.parquet,SYN Flag Count,2,,0.0,1.0,0.000270789208,False,False,ok,
file,TFTP-testing.parquet,RST Flag Count,2,,0.0,1.0,0.019712980163,False,False,ok,
file,TFTP-testing.parquet,PSH Flag Count,1,0.0,0.0,0.0,0.0,True,True,ok,
file,TFTP-testing.parquet,ACK Flag Count,2,,0.0,1.0,0.035731156184,False,False,ok,
file,TFTP-testing.parquet,URG Flag Count,2,,0.0,1.0,0.066506893852,False,False,ok,
file,TFTP-testing.parquet,CWE Flag Count,2,,0.0,1.0,0.036012219267,False,False,ok,
file,TFTP-testing.parquet,ECE Flag Count,1,0.0,0.0,0.0,0.0,True,True,ok,
file,TFTP-testing.parquet,Down/Up Ratio,13,,0.0,13.0,0.338309794664,False,False,ok,
file,TFTP-testing.parquet,Avg Packet Size,2813,,0.0,2208.0,51920.3203125,False,False,ok,
file,TFTP-testing.parquet,Avg Fwd Segment Size,2100,,0.0,2177.5556640625,36193.05078125,False,False,ok,
file,TFTP-testing.parquet,Avg Bwd Segment Size,1875,,0.0,2470.769287109375,11440.0791015625,False,False,ok,
file,TFTP-testing.parquet,Fwd Avg Bytes/Bulk,1,0.0,0.0,0.0,0.0,True,True,ok,
file,TFTP-testing.parquet,Fwd Avg Packets/Bulk,1,0.0,0.0,0.0,0.0,True,True,ok,
file,TFTP-testing.parquet,Fwd Avg Bulk Rate,1,0.0,0.0,0.0,0.0,True,True,ok,
file,TFTP-testing.parquet,Bwd Avg Bytes/Bulk,1,0.0,0.0,0.0,0.0,True,True,ok,
file,TFTP-testing.parquet,Bwd Avg Packets/Bulk,1,0.0,0.0,0.0,0.0,True,True,ok,
file,TFTP-testing.parquet,Bwd Avg Bulk Rate,1,0.0,0.0,0.0,0.0,True,True,ok,
file,TFTP-testing.parquet,Subflow Fwd Packets,156,,1.0,781.0,52.57078098071,False,False,ok,
file,TFTP-testing.parquet,Subflow Fwd Bytes,1662,,0.0,88646.0,3165457.7904093326,False,False,ok,
file,TFTP-testing.parquet,Subflow Bwd Packets,193,,0.0,1403.0,80.022320863884,False,False,ok,
file,TFTP-testing.parquet,Subflow Bwd Bytes,1486,,0.0,2757278.0,143521449.8984444,False,False,ok,
file,TFTP-testing.parquet,Init Fwd Win Bytes,628,,-1.0,65535.0,63162964.95554821,False,False,ok,
file,TFTP-testing.parquet,Init Bwd Win Bytes,607,,-1.0,65535.0,27045091.601658262,False,False,ok,
file,TFTP-testing.parquet,Fwd Act Data Packets,74,,0.0,124.0,12.148705736637,False,False,ok,
file,TFTP-testing.parquet,Fwd Seg Size Min,12,,-1062718975.0,516.0,4.645936044044811e+16,False,False,ok,
file,TFTP-testing.parquet,Active Mean,2617,,0.0,11997740.0,71080615936.0,False,False,ok,
file,TFTP-testing.parquet,Active Std,1880,,0.0,5406859.0,6751474176.0,False,False,ok,
file,TFTP-testing.parquet,Active Max,2569,,0.0,16115648.0,104086986752.0,False,False,ok,
file,TFTP-testing.parquet,Active Min,2125,,0.0,11997740.0,64939655168.0,False,False,ok,
file,TFTP-testing.parquet,Idle Mean,2877,,0.0,105836752.0,33873865998336.0,False,False,ok,
file,TFTP-testing.parquet,Idle Std,2061,,0.0,42922816.0,640532348928.0,False,False,ok,
file,TFTP-testing.parquet,Idle Max,2833,,0.0,105836752.0,36598552985600.0,False,False,ok,
file,TFTP-testing.parquet,Idle Min,2751,,0.0,105836752.0,32570039336960.0,False,False,ok,
file,UDP-testing.parquet,Protocol,3,,0.0,17.0,12.255046153982,False,False,ok,
file,UDP-testing.parquet,Flow Duration,8350,,1.0,119575250.0,73371037262859.75,False,False,ok,
file,UDP-testing.parquet,Total Fwd Packets,53,,1.0,196.0,30.348132500301,False,False,ok,
file,UDP-testing.parquet,Total Backward Packets,56,,0.0,235.0,24.973646948189,False,False,ok,
file,UDP-testing.parquet,Fwd Packets Length Total,467,,0.0,41470.0,2479878.0,False,False,ok,
file,UDP-testing.parquet,Bwd Packets Length Total,283,,0.0,205790.0,14609737.0,False,False,ok,
file,UDP-testing.parquet,Fwd Packet Length Max,296,,0.0,3547.0,35264.828125,False,False,ok,
file,UDP-testing.parquet,Fwd Packet Length Min,191,,0.0,1472.0,16133.947265625,False,False,ok,
file,UDP-testing.parquet,Fwd Packet Length Mean,479,,0.0,1472.0,16980.802734375,False,False,ok,
file,UDP-testing.parquet,Fwd Packet Length Std,289,,0.0,1271.1171875,3118.576904296875,False,False,ok,
file,UDP-testing.parquet,Bwd Packet Length Max,171,,0.0,3522.0,103969.453125,False,False,ok,
file,UDP-testing.parquet,Bwd Packet Length Min,113,,0.0,323.0,741.652770996094,False,False,ok,
file,UDP-testing.parquet,Bwd Packet Length Mean,310,,0.0,1796.923095703125,7754.71337890625,False,False,ok,
file,UDP-testing.parquet,Bwd Packet Length Std,204,,0.0,1398.64404296875,10231.802734375,False,False,ok,
file,UDP-testing.parquet,Flow Bytes/s,9437,,0.0,2944000000.0,2.1508169171957404e+16,False,False,ok,
file,UDP-testing.parquet,Flow Packets/s,8410,,0.1250387588892867,3000000.0,129448670068.03236,False,False,ok,
file,UDP-testing.parquet,Flow IAT Mean,8405,,0.5,10306127.0,169506439168.0,False,False,ok,
file,UDP-testing.parquet,Flow IAT Std,10038,,0.0,21645330.0,688733028352.0,False,False,ok,
file,UDP-testing.parquet,Flow IAT Max,6775,,1.0,67328880.0,10519508418560.0,False,False,ok,
file,UDP-testing.parquet,Flow IAT Min,116,,0.0,10047942.0,28821493760.0,False,False,ok,
file,UDP-testing.parquet,Fwd IAT Total,7491,,0.0,119547304.0,73062091325440.0,False,False,ok,
file,UDP-testing.parquet,Fwd IAT Mean,7541,,0.0,10306127.0,335196061696.0,False,False,ok,
file,UDP-testing.parquet,Fwd IAT Std,9131,,0.0,21805056.0,1072437067776.0,False,False,ok,
file,UDP-testing.parquet,Fwd IAT Max,5927,,0.0,67328880.0,10442515677184.0,False,False,ok,
file,UDP-testing.parquet,Fwd IAT Min,54,,0.0,10047942.0,28819603456.0,False,False,ok,
file,UDP-testing.parquet,Bwd IAT Total,562,,0.0,119547256.0,47440795271168.0,False,False,ok,
file,UDP-testing.parquet,Bwd IAT Mean,570,,0.0,11800802.0,233968926720.0,False,False,ok,
file,UDP-testing.parquet,Bwd IAT Std,558,,0.0,26387394.0,898342715392.0,False,False,ok,
file,UDP-testing.parquet,Bwd IAT Max,556,,0.0,59185540.0,8577624309760.0,False,False,ok,
file,UDP-testing.parquet,Bwd IAT Min,19,,0.0,78.0,7.515786647797,False,False,ok,
file,UDP-testing.parquet,Fwd PSH Flags,2,,0.0,1.0,0.020889284198,False,False,ok,
file,UDP-testing.parquet,Bwd PSH Flags,1,0.0,0.0,0.0,0.0,True,True,ok,
file,UDP-testing.parquet,Fwd URG Flags,1,0.0,0.0,0.0,0.0,True,True,ok,
file,UDP-testing.parquet,Bwd URG Flags,1,0.0,0.0,0.0,0.0,True,True,ok,
file,UDP-testing.parquet,Fwd Header Length,521,,-21254379500.0,7704.0,7.356966185869213e+17,False,False,ok,
file,UDP-testing.parquet,Bwd Header Length,109,,-2125437950.0,4724.0,6515592018356583.0,False,False,ok,
file,UDP-testing.parquet,Fwd Packets/s,8394,,0.1160796582698822,3000000.0,129421795328.0,False,False,ok,
file,UDP-testing.parquet,Bwd Packets/s,1442,,0.0,500000.0,23362522.0,False,False,ok,
file,UDP-testing.parquet,Packet Length Min,190,,0.0,1472.0,16159.9619140625,False,False,ok,
file,UDP-testing.parquet,Packet Length Max,336,,0.0,3547.0,103295.703125,False,False,ok,
file,UDP-testing.parquet,Packet Length Mean,656,,0.0,1557.3333740234375,15859.4345703125,False,False,ok,
file,UDP-testing.parquet,Packet Length Std,399,,0.0,1308.6536865234375,7355.2109375,False,False,ok,
file,UDP-testing.parquet,Packet Length Variance,399,,0.0,1712574.625,5155337728.0,False,False,ok,
file,UDP-testing.parquet,FIN Flag Count,1,0.0,0.0,0.0,0.0,True,True,ok,
file,UDP-testing.parquet,SYN Flag Count,2,,0.0,1.0,0.000721673908,False,False,ok,
file,UDP-testing.parquet,RST Flag Count,2,,0.0,1.0,0.020889284198,False,False,ok,
file,UDP-testing.parquet,PSH Flag Count,1,0.0,0.0,0.0,0.0,True,True,ok,
file,UDP-testing.parquet,ACK Flag Count,2,,0.0,1.0,0.027523742793,False,False,ok,
file,UDP-testing.parquet,URG Flag Count,2,,0.0,1.0,0.064454886846,False,False,ok,
file,UDP-testing.parquet,CWE Flag Count,2,,0.0,1.0,0.026386824839,False,False,ok,
file,UDP-testing.parquet,ECE Flag Count,1,0.0,0.0,0.0,0.0,True,True,ok,
file,UDP-testing.parquet,Down/Up Ratio,7,,0.0,8.0,0.262603789568,False,False,ok,
file,UDP-testing.parquet,Avg Packet Size,664,,0.0,2208.0,27201.240234375,False,False,ok,
file,UDP-testing.parquet,Avg Fwd Segment Size,479,,0.0,1472.0,16980.802734375,False,False,ok,
file,UDP-testing.parquet,Avg Bwd Segment Size,310,,0.0,1796.923095703125,7754.71337890625,False,False,ok,
file,UDP-testing.parquet,Fwd Avg Bytes/Bulk,1,0.0,0.0,0.0,0.0,True,True,ok,
file,UDP-testing.parquet,Fwd Avg Packets/Bulk,1,0.0,0.0,0.0,0.0,True,True,ok,
file,UDP-testing.parquet,Fwd Avg Bulk Rate,1,0.0,0.0,0.0,0.0,True,True,ok,
file,UDP-testing.parquet,Bwd Avg Bytes/Bulk,1,0.0,0.0,0.0,0.0,True,True,ok,
file,UDP-testing.parquet,Bwd Avg Packets/Bulk,1,0.0,0.0,0.0,0.0,True,True,ok,
file,UDP-testing.parquet,Bwd Avg Bulk Rate,1,0.0,0.0,0.0,0.0,True,True,ok,
file,UDP-testing.parquet,Subflow Fwd Packets,53,,1.0,196.0,30.348132500301,False,False,ok,
file,UDP-testing.parquet,Subflow Fwd Bytes,467,,0.0,41470.0,2479878.294549637,False,False,ok,
file,UDP-testing.parquet,Subflow Bwd Packets,56,,0.0,235.0,24.973646948189,False,False,ok,
file,UDP-testing.parquet,Subflow Bwd Bytes,283,,0.0,205790.0,14609737.092948401,False,False,ok,
file,UDP-testing.parquet,Init Fwd Win Bytes,163,,-1.0,65535.0,52548475.09500048,False,False,ok,
file,UDP-testing.parquet,Init Bwd Win Bytes,133,,-1.0,63948.0,16701272.627859633,False,False,ok,
file,UDP-testing.parquet,Fwd Act Data Packets,34,,0.0,88.0,16.207694862129,False,False,ok,
file,UDP-testing.parquet,Fwd Seg Size Min,56,,-1062718975.0,490.0,4.27438188262764e+16,False,False,ok,
file,UDP-testing.parquet,Active Mean,291,,0.0,10610243.0,41271496704.0,False,False,ok,
file,UDP-testing.parquet,Active Std,150,,0.0,3652905.75,3354799616.0,False,False,ok,
file,UDP-testing.parquet,Active Max,271,,0.0,10610243.0,50787024896.0,False,False,ok,
file,UDP-testing.parquet,Active Min,257,,0.0,10610243.0,38691954688.0,False,False,ok,
file,UDP-testing.parquet,Idle Mean,331,,0.0,59051496.0,9823805505536.0,False,False,ok,
file,UDP-testing.parquet,Idle Std,188,,0.0,35510408.0,175456157696.0,False,False,ok,
file,UDP-testing.parquet,Idle Max,327,,0.0,67328880.0,10423655989248.0,False,False,ok,
file,UDP-testing.parquet,Idle Min,331,,0.0,58957640.0,9403036073984.0,False,False,ok,
file,UDP-training.parquet,Protocol,3,,0.0,17.0,13.05613375942,False,False,ok,
file,UDP-training.parquet,Flow Duration,10733,,1.0,119995583.0,110795162132703.0,False,False,ok,
file,UDP-training.parquet,Total Fwd Packets,99,,1.0,826.0,188.888205162634,False,False,ok,
file,UDP-training.parquet,Total Backward Packets,117,,0.0,1347.0,437.453159181804,False,False,ok,
file,UDP-training.parquet,Fwd Packets Length Total,745,,0.0,102472.0,4301132.0,False,False,ok,
file,UDP-training.parquet,Bwd Packets Length Total,478,,0.0,2466308.0,1043947264.0,False,False,ok,
file,UDP-training.parquet,Fwd Packet Length Max,408,,0.0,3495.0,32126.93359375,False,False,ok,
file,UDP-training.parquet,Fwd Packet Length Min,274,,0.0,1460.0,15263.4990234375,False,False,ok,
file,UDP-training.parquet,Fwd Packet Length Mean,784,,0.0,1460.0,15485.9814453125,False,False,ok,
file,UDP-training.parquet,Fwd Packet Length Std,506,,0.0,1405.1561279296875,2895.708740234375,False,False,ok,
file,UDP-training.parquet,Bwd Packet Length Max,213,,0.0,3621.0,84496.0859375,False,False,ok,
file,UDP-training.parquet,Bwd Packet Length Min,110,,0.0,327.0,420.634368896484,False,False,ok,
file,UDP-training.parquet,Bwd Packet Length Mean,500,,0.0,1830.963623046875,9026.58984375,False,False,ok,
file,UDP-training.parquet,Bwd Packet Length Std,404,,0.0,1036.5546875,7382.9638671875,False,False,ok,
file,UDP-training.parquet,Flow Bytes/s,12972,,0.0,2858000000.0,2.067772302012055e+16,False,False,ok,
file,UDP-training.parquet,Flow Packets/s,10828,,0.0666691206458824,3000000.0,135498259553.11131,False,False,ok,
file,UDP-training.parquet,Flow IAT Mean,10821,,0.5,17142226.0,130500354048.0,False,False,ok,
file,UDP-training.parquet,Flow IAT Std,14062,,0.0,28504440.0,858005635072.0,False,False,ok,
file,UDP-training.parquet,Flow IAT Max,8453,,1.0,95009256.0,17691070955520.0,False,False,ok,
file,UDP-training.parquet,Flow IAT Min,165,,0.0,7009992.0,5253806592.0,False,False,ok,
file,UDP-training.parquet,Fwd IAT Total,9898,,0.0,119995584.0,109991855915008.0,False,False,ok,
file,UDP-training.parquet,Fwd IAT Mean,9944,,0.0,20526322.0,301650575360.0,False,False,ok,
file,UDP-training.parquet,Fwd IAT Std,13089,,0.0,41778632.0,1466941702144.0,False,False,ok,
file,UDP-training.parquet,Fwd IAT Max,7611,,0.0,95029888.0,17429173370880.0,False,False,ok,
file,UDP-training.parquet,Fwd IAT Min,86,,0.0,7009992.0,5341199360.0,False,False,ok,
file,UDP-training.parquet,Bwd IAT Total,875,,0.0,119618896.0,93670711754752.0,False,False,ok,
file,UDP-training.parquet,Bwd IAT Mean,887,,0.0,20526332.0,225840168960.0,False,False,ok,
file,UDP-training.parquet,Bwd IAT Std,867,,0.0,41822304.0,1182739070976.0,False,False,ok,
file,UDP-training.parquet,Bwd IAT Max,870,,0.0,95113336.0,15094206431232.0,False,False,ok,
file,UDP-training.parquet,Bwd IAT Min,35,,0.0,97.0,9.400798797607,False,False,ok,
file,UDP-training.parquet,Fwd PSH Flags,2,,0.0,1.0,0.027504896715,False,False,ok,
file,UDP-training.parquet,Bwd PSH Flags,1,0.0,0.0,0.0,0.0,True,True,ok,
file,UDP-training.parquet,Fwd URG Flags,1,0.0,0.0,0.0,0.0,True,True,ok,
file,UDP-training.parquet,Bwd URG Flags,1,0.0,0.0,0.0,0.0,True,True,ok,
file,UDP-training.parquet,Fwd Header Length,408,,-17003503552.0,26448.0,2.728734639429351e+17,False,False,ok,
file,UDP-training.parquet,Bwd Header Length,198,,-2125437944.0,43120.0,254205538613762.78,False,False,ok,
file,UDP-training.parquet,Fwd Packets/s,10799,,0.05844974145293236,3000000.0,132707418112.0,False,False,ok,
file,UDP-training.parquet,Bwd Packets/s,1915,,0.0,2000000.0,1511287168.0,False,False,ok,
file,UDP-training.parquet,Packet Length Min,271,,0.0,1429.0,15246.2138671875,False,False,ok,
file,UDP-training.parquet,Packet Length Max,476,,0.0,3621.0,83781.171875,False,False,ok,
file,UDP-training.parquet,Packet Length Mean,1015,,0.0,1429.0,14651.9658203125,False,False,ok,
file,UDP-training.parquet,Packet Length Std,658,,0.0,1045.96533203125,6532.5068359375,False,False,ok,
file,UDP-training.parquet,Packet Length Variance,658,,0.0,1094043.5,3539492608.0,False,False,ok,
file,UDP-training.parquet,FIN Flag Count,1,0.0,0.0,0.0,0.0,True,True,ok,
file,UDP-training.parquet,SYN Flag Count,2,,0.0,1.0,0.000506215068,False,False,ok,
file,UDP-training.parquet,RST Flag Count,2,,0.0,1.0,0.027504896715,False,False,ok,
file,UDP-training.parquet,PSH Flag Count,1,0.0,0.0,0.0,0.0,True,True,ok,
file,UDP-training.parquet,ACK Flag Count,2,,0.0,1.0,0.031047629483,False,False,ok,
file,UDP-training.parquet,URG Flag Count,2,,0.0,1.0,0.075175307951,False,False,ok,
file,UDP-training.parquet,CWE Flag Count,2,,0.0,1.0,0.032047110439,False,False,ok,
file,UDP-training.parquet,ECE Flag Count,1,0.0,0.0,0.0,0.0,True,True,ok,
file,UDP-training.parquet,Down/Up Ratio,9,,0.0,10.0,0.238973230124,False,False,ok,
file,UDP-training.parquet,Avg Packet Size,1026,,0.0,2143.5,24637.23828125,False,False,ok,
file,UDP-training.parquet,Avg Fwd Segment Size,784,,0.0,1460.0,15485.9814453125,False,False,ok,
file,UDP-training.parquet,Avg Bwd Segment Size,500,,0.0,1830.963623046875,9026.58984375,False,False,ok,
file,UDP-training.parquet,Fwd Avg Bytes/Bulk,1,0.0,0.0,0.0,0.0,True,True,ok,
file,UDP-training.parquet,Fwd Avg Packets/Bulk,1,0.0,0.0,0.0,0.0,True,True,ok,
file,UDP-training.parquet,Fwd Avg Bulk Rate,1,0.0,0.0,0.0,0.0,True,True,ok,
file,UDP-training.parquet,Bwd Avg Bytes/Bulk,1,0.0,0.0,0.0,0.0,True,True,ok,
file,UDP-training.parquet,Bwd Avg Packets/Bulk,1,0.0,0.0,0.0,0.0,True,True,ok,
file,UDP-training.parquet,Bwd Avg Bulk Rate,1,0.0,0.0,0.0,0.0,True,True,ok,
file,UDP-training.parquet,Subflow Fwd Packets,99,,1.0,826.0,188.888205162634,False,False,ok,
file,UDP-training.parquet,Subflow Fwd Bytes,745,,0.0,102472.0,4301131.824502115,False,False,ok,
file,UDP-training.parquet,Subflow Bwd Packets,117,,0.0,1347.0,437.453159181804,False,False,ok,
file,UDP-training.parquet,Subflow Bwd Bytes,478,,0.0,2466308.0,1043947262.9976114,False,False,ok,
file,UDP-training.parquet,Init Fwd Win Bytes,305,,-1.0,64285.0,24230994.16146451,False,False,ok,
file,UDP-training.parquet,Init Bwd Win Bytes,244,,-1.0,65535.0,12319056.165854435,False,False,ok,
file,UDP-training.parquet,Fwd Act Data Packets,75,,0.0,216.0,48.840979909929,False,False,ok,
file,UDP-training.parquet,Fwd Seg Size Min,26,,-1062718972.0,773.0,2.8779721076765544e+16,False,False,ok,
file,UDP-training.parquet,Active Mean,403,,0.0,10863883.0,49459322880.0,False,False,ok,
file,UDP-training.parquet,Active Std,186,,0.0,8246154.0,13252869120.0,False,False,ok,
file,UDP-training.parquet,Active Max,394,,0.0,16130150.0,101985845248.0,False,False,ok,
file,UDP-training.parquet,Active Min,378,,0.0,10863883.0,42006671360.0,False,False,ok,
file,UDP-training.parquet,Idle Mean,441,,0.0,94983208.0,15344179609600.0,False,False,ok,
file,UDP-training.parquet,Idle Std,190,,0.0,61880064.0,770667446272.0,False,False,ok,
file,UDP-training.parquet,Idle Max,440,,0.0,95009256.0,17369342672896.0,False,False,ok,
file,UDP-training.parquet,Idle Min,441,,0.0,94983208.0,14431721357312.0,False,False,ok,
file,UDPLag-testing.parquet,Protocol,3,,0.0,17.0,25.796800803984,False,False,ok,
file,UDPLag-testing.parquet,Flow Duration,9846,,1.0,119879227.0,515691918823062.94,False,False,ok,
file,UDPLag-testing.parquet,Total Fwd Packets,89,,1.0,350.0,83.535486655053,False,False,ok,
file,UDPLag-testing.parquet,Total Backward Packets,105,,0.0,421.0,113.147349821377,False,False,ok,
file,UDPLag-testing.parquet,Fwd Packets Length Total,524,,0.0,67750.0,3760847.75,False,False,ok,
file,UDPLag-testing.parquet,Bwd Packets Length Total,468,,0.0,670016.0,115625512.0,False,False,ok,
file,UDPLag-testing.parquet,Fwd Packet Length Max,381,,0.0,3087.0,74298.03125,False,False,ok,
file,UDPLag-testing.parquet,Fwd Packet Length Min,106,,0.0,1715.0,25164.6875,False,False,ok,
file,UDPLag-testing.parquet,Fwd Packet Length Mean,579,,0.0,2595.5556640625,28241.513671875,False,False,ok,
file,UDPLag-testing.parquet,Fwd Packet Length Std,498,,0.0,1168.8475341796875,4900.35888671875,False,False,ok,
file,UDPLag-testing.parquet,Bwd Packet Length Max,230,,0.0,3500.0,223379.75,False,False,ok,
file,UDPLag-testing.parquet,Bwd Packet Length Min,125,,0.0,520.0,1795.995849609375,False,False,ok,
file,UDPLag-testing.parquet,Bwd Packet Length Mean,514,,0.0,1946.6666259765625,19428.40234375,False,False,ok,
file,UDPLag-testing.parquet,Bwd Packet Length Std,404,,0.0,1469.591796875,21203.740234375,False,False,ok,
file,UDPLag-testing.parquet,Flow Bytes/s,4327,,0.0,2944000000.0,8532378768686561.0,False,False,ok,
file,UDPLag-testing.parquet,Flow Packets/s,9981,,0.0776646149325774,3000000.0,52878204130.94315,False,False,ok,
file,UDPLag-testing.parquet,Flow IAT Mean,9945,,0.5,15532837.0,10782910709760.0,False,False,ok,
file,UDPLag-testing.parquet,Flow IAT Std,10461,,0.0,35961976.0,28230736150528.0,False,False,ok,
file,UDPLag-testing.parquet,Flow IAT Max,9649,,1.0,95146792.0,149154181414912.0,False,False,ok,
file,UDPLag-testing.parquet,Flow IAT Min,233,,0.0,6369775.0,5598527488.0,False,False,ok,
file,UDPLag-testing.parquet,Fwd IAT Total,8568,,0.0,119879224.0,518035735576576.0,False,False,ok,
file,UDPLag-testing.parquet,Fwd IAT Mean,8583,,0.0,23962226.0,11960256036864.0,False,False,ok,
file,UDPLag-testing.parquet,Fwd IAT Std,8641,,0.0,41503792.0,30830732771328.0,False,False,ok,
file,UDPLag-testing.parquet,Fwd IAT Max,8414,,0.0,95146792.0,149901505724416.0,False,False,ok,
file,UDPLag-testing.parquet,Fwd IAT Min,87,,0.0,6369775.0,7048753664.0,False,False,ok,
file,UDPLag-testing.parquet,Bwd IAT Total,1044,,0.0,119785920.0,295483549417472.0,False,False,ok,
file,UDPLag-testing.parquet,Bwd IAT Mean,1054,,0.0,23962148.0,1182816272384.0,False,False,ok,
file,UDPLag-testing.parquet,Bwd IAT Std,1020,,0.0,41503652.0,5878947250176.0,False,False,ok,
file,UDPLag-testing.parquet,Bwd IAT Max,1038,,0.0,71886440.0,64781004308480.0,False,False,ok,
file,UDPLag-testing.parquet,Bwd IAT Min,42,,0.0,96.0,45.096042633057,False,False,ok,
file,UDPLag-testing.parquet,Fwd PSH Flags,2,,0.0,1.0,0.024403579119,False,False,ok,
file,UDPLag-testing.parquet,Bwd PSH Flags,1,0.0,0.0,0.0,0.0,True,True,ok,
file,UDPLag-testing.parquet,Fwd URG Flags,1,0.0,0.0,0.0,0.0,True,True,ok,
file,UDPLag-testing.parquet,Bwd URG Flags,1,0.0,0.0,0.0,0.0,True,True,ok,
file,UDPLag-testing.parquet,Fwd Header Length,232,,-6376313850.0,7192.0,4.843619057913847e+16,False,False,ok,
file,UDPLag-testing.parquet,Bwd Header Length,190,,0.0,8444.0,49616.434452568275,False,False,ok,
file,UDPLag-testing.parquet,Fwd Packets/s,9959,,0.05562722682952881,3000000.0,50053259264.0,False,False,ok,
file,UDPLag-testing.parquet,Bwd Packets/s,3555,,0.0,2000000.0,1294319872.0,False,False,ok,
file,UDPLag-testing.parquet,Packet Length Min,102,,0.0,1472.0,21665.2421875,False,False,ok,
file,UDPLag-testing.parquet,Packet Length Max,346,,0.0,3500.0,250658.6875,False,False,ok,
file,UDPLag-testing.parquet,Packet Length Mean,778,,0.0,2294.28564453125,30634.57421875,False,False,ok,
file,UDPLag-testing.parquet,Packet Length Std,649,,0.0,1416.6668701171875,16602.345703125,False,False,ok,
file,UDPLag-testing.parquet,Packet Length Variance,649,,0.0,2006945.0,12535759872.0,False,False,ok,
file,UDPLag-testing.parquet,FIN Flag Count,1,0.0,0.0,0.0,0.0,True,True,ok,
file,UDPLag-testing.parquet,SYN Flag Count,2,,0.0,1.0,0.000961768765,False,False,ok,
file,UDPLag-testing.parquet,RST Flag Count,2,,0.0,1.0,0.024403579119,False,False,ok,
file,UDPLag-testing.parquet,PSH Flag Count,1,0.0,0.0,0.0,0.0,True,True,ok,
file,UDPLag-testing.parquet,ACK Flag Count,2,,0.0,1.0,0.241510591469,False,False,ok,
file,UDPLag-testing.parquet,URG Flag Count,2,,0.0,1.0,0.090993239152,False,False,ok,
file,UDPLag-testing.parquet,CWE Flag Count,2,,0.0,1.0,0.061177853948,False,False,ok,
file,UDPLag-testing.parquet,ECE Flag Count,1,0.0,0.0,0.0,0.0,True,True,ok,
file,UDPLag-testing.parquet,Down/Up Ratio,10,,0.0,12.0,0.589038968086,False,False,ok,
file,UDPLag-testing.parquet,Avg Packet Size,784,,0.0,2409.0,49410.01953125,False,False,ok,
file,UDPLag-testing.parquet,Avg Fwd Segment Size,579,,0.0,2595.5556640625,28241.513671875,False,False,ok,
file,UDPLag-testing.parquet,Avg Bwd Segment Size,514,,0.0,1946.6666259765625,19428.40234375,False,False,ok,
file,UDPLag-testing.parquet,Fwd Avg Bytes/Bulk,1,0.0,0.0,0.0,0.0,True,True,ok,
file,UDPLag-testing.parquet,Fwd Avg Packets/Bulk,1,0.0,0.0,0.0,0.0,True,True,ok,
file,UDPLag-testing.parquet,Fwd Avg Bulk Rate,1,0.0,0.0,0.0,0.0,True,True,ok,
file,UDPLag-testing.parquet,Bwd Avg Bytes/Bulk,1,0.0,0.0,0.0,0.0,True,True,ok,
file,UDPLag-testing.parquet,Bwd Avg Packets/Bulk,1,0.0,0.0,0.0,0.0,True,True,ok,
file,UDPLag-testing.parquet,Bwd Avg Bulk Rate,1,0.0,0.0,0.0,0.0,True,True,ok,
file,UDPLag-testing.parquet,Subflow Fwd Packets,89,,1.0,350.0,83.535486655053,False,False,ok,
file,UDPLag-testing.parquet,Subflow Fwd Bytes,524,,0.0,67750.0,3760847.868324539,False,False,ok,
file,UDPLag-testing.parquet,Subflow Bwd Packets,105,,0.0,421.0,113.147349821377,False,False,ok,
file,UDPLag-testing.parquet,Subflow Bwd Bytes,468,,0.0,670016.0,115625510.87577412,False,False,ok,
file,UDPLag-testing.parquet,Init Fwd Win Bytes,194,,-1.0,65535.0,96262053.13231158,False,False,ok,
file,UDPLag-testing.parquet,Init Bwd Win Bytes,224,,-1.0,65535.0,40471221.57501127,False,False,ok,
file,UDPLag-testing.parquet,Fwd Act Data Packets,57,,0.0,94.0,19.939515031981,False,False,ok,
file,UDPLag-testing.parquet,Fwd Seg Size Min,18,,-1062718975.0,1472.0,8184719955382804.0,False,False,ok,
file,UDPLag-testing.parquet,Active Mean,869,,0.0,7583482.0,125045145600.0,False,False,ok,
file,UDPLag-testing.parquet,Active Std,769,,0.0,4424193.0,33632745472.0,False,False,ok,
file,UDPLag-testing.parquet,Active Max,691,,0.0,10853604.0,218506854400.0,False,False,ok,
file,UDPLag-testing.parquet,Active Min,540,,0.0,7583482.0,102942474240.0,False,False,ok,
file,UDPLag-testing.parquet,Idle Mean,6087,,0.0,95146792.0,130340286889984.0,False,False,ok,
file,UDPLag-testing.parquet,Idle Std,4218,,0.0,33338860.0,7337892380672.0,False,False,ok,
file,UDPLag-testing.parquet,Idle Max,6081,,0.0,95146792.0,151223214800896.0,False,False,ok,
file,UDPLag-testing.parquet,Idle Min,6070,,0.0,95146792.0,118762447568896.0,False,False,ok,
file,UDPLag-training.parquet,Protocol,3,,0.0,17.0,27.888563024409,False,False,ok,
file,UDPLag-training.parquet,Flow Duration,8941,,1.0,119997515.0,861325506302858.9,False,False,ok,
file,UDPLag-training.parquet,Total Fwd Packets,109,,1.0,492.0,190.275663020284,False,False,ok,
file,UDPLag-training.parquet,Total Backward Packets,132,,0.0,789.0,331.084548639447,False,False,ok,
file,UDPLag-training.parquet,Fwd Packets Length Total,750,,0.0,66195.0,5033796.5,False,False,ok,
file,UDPLag-training.parquet,Bwd Packets Length Total,690,,0.0,1406368.0,689289664.0,False,False,ok,
file,UDPLag-training.parquet,Fwd Packet Length Max,440,,0.0,3617.0,86195.03125,False,False,ok,
file,UDPLag-training.parquet,Fwd Packet Length Min,152,,0.0,2131.0,25073.103515625,False,False,ok,
file,UDPLag-training.parquet,Fwd Packet Length Mean,809,,0.0,2131.0,28589.4609375,False,False,ok,
file,UDPLag-training.parquet,Fwd Packet Length Std,695,,0.0,1236.729736328125,7190.880859375,False,False,ok,
file,UDPLag-training.parquet,Bwd Packet Length Max,318,,0.0,3605.0,200507.8125,False,False,ok,
file,UDPLag-training.parquet,Bwd Packet Length Min,122,,0.0,1460.0,1313.461669921875,False,False,ok,
file,UDPLag-training.parquet,Bwd Packet Length Mean,710,,0.0,1820.5999755859375,22734.169921875,False,False,ok,
file,UDPLag-training.parquet,Bwd Packet Length Std,613,,0.0,1126.7720947265625,18132.970703125,False,False,ok,
file,UDPLag-training.parquet,Flow Bytes/s,9635,,0.0,1891000000.0,8364232666176883.0,False,False,ok,
file,UDPLag-training.parquet,Flow Packets/s,9118,,0.0513978876239154,3000000.0,117494809690.81924,False,False,ok,
file,UDPLag-training.parquet,Flow IAT Mean,9067,,0.5,38912104.0,5738046947328.0,False,False,ok,
file,UDPLag-training.parquet,Flow IAT Std,9997,,0.0,30921856.0,13903757049856.0,False,False,ok,
file,UDPLag-training.parquet,Flow IAT Max,8646,,1.0,94855480.0,134198652305408.0,False,False,ok,
file,UDPLag-training.parquet,Flow IAT Min,277,,0.0,38912104.0,880151429120.0,False,False,ok,
file,UDPLag-training.parquet,Fwd IAT Total,7665,,0.0,119997512.0,863173804556288.0,False,False,ok,
file,UDPLag-training.parquet,Fwd IAT Mean,7671,,0.0,38912104.0,8901691965440.0,False,False,ok,
file,UDPLag-training.parquet,Fwd IAT Std,7812,,0.0,30921856.0,17703041499136.0,False,False,ok,
file,UDPLag-training.parquet,Fwd IAT Max,7396,,0.0,94855480.0,134747560869888.0,False,False,ok,
file,UDPLag-training.parquet,Fwd IAT Min,158,,0.0,38912104.0,880828874752.0,False,False,ok,
file,UDPLag-training.parquet,Bwd IAT Total,3050,,0.0,119943720.0,483481146621952.0,False,False,ok,
file,UDPLag-training.parquet,Bwd IAT Mean,3061,,0.0,22364966.0,10257912823808.0,False,False,ok,
file,UDPLag-training.parquet,Bwd IAT Std,3026,,0.0,38737256.0,32226238529536.0,False,False,ok,
file,UDPLag-training.parquet,Bwd IAT Max,3043,,0.0,68983288.0,165280542097408.0,False,False,ok,
file,UDPLag-training.parquet,Bwd IAT Min,57,,0.0,200.0,73.001960754395,False,False,ok,
file,UDPLag-training.parquet,Fwd PSH Flags,2,,0.0,1.0,0.038577571718,False,False,ok,
file,UDPLag-training.parquet,Bwd PSH Flags,1,0.0,0.0,0.0,0.0,True,True,ok,
file,UDPLag-training.parquet,Fwd URG Flags,1,0.0,0.0,0.0,0.0,True,True,ok,
file,UDPLag-training.parquet,Bwd URG Flags,1,0.0,0.0,0.0,0.0,True,True,ok,
file,UDPLag-training.parquet,Fwd Header Length,384,,-10627189472.0,17152.0,7.650955991040034e+16,False,False,ok,
file,UDPLag-training.parquet,Bwd Header Length,251,,0.0,25264.0,265825.03064877033,False,False,ok,
file,UDPLag-training.parquet,Fwd Packets/s,9032,,0.051397886127233505,3000000.0,113224966144.0,False,False,ok,
file,UDPLag-training.parquet,Bwd Packets/s,5299,,0.0,2000000.0,2311819520.0,False,False,ok,
file,UDPLag-training.parquet,Packet Length Min,123,,0.0,581.0,21062.71484375,False,False,ok,
file,UDPLag-training.parquet,Packet Length Max,494,,0.0,3617.0,232272.78125,False,False,ok,
file,UDPLag-training.parquet,Packet Length Mean,1062,,0.0,1384.105224609375,29393.43359375,False,False,ok,
file,UDPLag-training.parquet,Packet Length Std,900,,0.0,1163.910400390625,18024.673828125,False,False,ok,
file,UDPLag-training.parquet,Packet Length Variance,900,,0.0,1354687.5,10942542848.0,False,False,ok,
file,UDPLag-training.parquet,FIN Flag Count,1,0.0,0.0,0.0,0.0,True,True,ok,
file,UDPLag-training.parquet,SYN Flag Count,2,,0.0,1.0,0.000869564559,False,False,ok,
file,UDPLag-training.parquet,RST Flag Count,2,,0.0,1.0,0.038577571718,False,False,ok,
file,UDPLag-training.parquet,PSH Flag Count,1,0.0,0.0,0.0,0.0,True,True,ok,
file,UDPLag-training.parquet,ACK Flag Count,2,,0.0,1.0,0.249950970088,False,False,ok,
file,UDPLag-training.parquet,URG Flag Count,2,,0.0,1.0,0.118314678617,False,False,ok,
file,UDPLag-training.parquet,CWE Flag Count,2,,0.0,1.0,0.07125817011,False,False,ok,
file,UDPLag-training.parquet,ECE Flag Count,1,0.0,0.0,0.0,0.0,True,True,ok,
file,UDPLag-training.parquet,Down/Up Ratio,13,,0.0,15.0,0.61260831356,False,False,ok,
file,UDPLag-training.parquet,Avg Packet Size,1085,,0.0,1849.5,44280.4453125,False,False,ok,
file,UDPLag-training.parquet,Avg Fwd Segment Size,809,,0.0,2131.0,28589.4609375,False,False,ok,
file,UDPLag-training.parquet,Avg Bwd Segment Size,710,,0.0,1820.5999755859375,22734.169921875,False,False,ok,
file,UDPLag-training.parquet,Fwd Avg Bytes/Bulk,1,0.0,0.0,0.0,0.0,True,True,ok,
file,UDPLag-training.parquet,Fwd Avg Packets/Bulk,1,0.0,0.0,0.0,0.0,True,True,ok,
file,UDPLag-training.parquet,Fwd Avg Bulk Rate,1,0.0,0.0,0.0,0.0,True,True,ok,
file,UDPLag-training.parquet,Bwd Avg Bytes/Bulk,1,0.0,0.0,0.0,0.0,True,True,ok,
file,UDPLag-training.parquet,Bwd Avg Packets/Bulk,1,0.0,0.0,0.0,0.0,True,True,ok,
file,UDPLag-training.parquet,Bwd Avg Bulk Rate,1,0.0,0.0,0.0,0.0,True,True,ok,
file,UDPLag-training.parquet,Subflow Fwd Packets,109,,1.0,492.0,190.275663020284,False,False,ok,
file,UDPLag-training.parquet,Subflow Fwd Bytes,750,,0.0,66195.0,5033796.530683141,False,False,ok,
file,UDPLag-training.parquet,Subflow Bwd Packets,132,,0.0,789.0,331.084548639447,False,False,ok,
file,UDPLag-training.parquet,Subflow Bwd Bytes,690,,0.0,1406368.0,689289615.3384279,False,False,ok,
file,UDPLag-training.parquet,Init Fwd Win Bytes,381,,-1.0,65535.0,41141631.70137891,False,False,ok,
file,UDPLag-training.parquet,Init Bwd Win Bytes,317,,-1.0,65323.0,26449858.890330333,False,False,ok,
file,UDPLag-training.parquet,Fwd Act Data Packets,99,,0.0,329.0,93.464377891719,False,False,ok,
file,UDPLag-training.parquet,Fwd Seg Size Min,19,,-1062718972.0,401.0,9304444484500686.0,False,False,ok,
file,UDPLag-training.parquet,Active Mean,1814,,0.0,12315200.0,137615622144.0,False,False,ok,
file,UDPLag-training.parquet,Active Std,2546,,0.0,5858881.5,139382358016.0,False,False,ok,
file,UDPLag-training.parquet,Active Max,1252,,0.0,14410915.0,622404042752.0,False,False,ok,
file,UDPLag-training.parquet,Active Min,576,,0.0,12315200.0,84797595648.0,False,False,ok,
file,UDPLag-training.parquet,Idle Mean,4023,,0.0,94855480.0,90820615077888.0,False,False,ok,
file,UDPLag-training.parquet,Idle Std,3763,,0.0,34186912.0,9447887863808.0,False,False,ok,
file,UDPLag-training.parquet,Idle Max,4019,,0.0,94855480.0,135575617142784.0,False,False,ok,
file,UDPLag-training.parquet,Idle Min,4011,,0.0,94855480.0,68752158752768.0,False,False,ok,
